"locality","eventDate","eventID"
"Setesdal_site8_plot_18",2012,"0c53fec8-5887-4414-958b-130d76cf322a"
"Setesdal_site1_plot_13",2000,"be1e9fc7-3de5-44e3-b0c7-a2d4ac33664f"
"Setesdal_site1_plot_16",2000,"56c2e16b-675f-410c-8d2f-ab4bb5b00499"
"Setesdal_site1_plot_17",2000,"16feb57e-7bd2-429d-8647-20bede92b018"
"Setesdal_site1_plot_18",2000,"1dcd7388-347c-4285-b6bf-30e61e6bda8b"
"Setesdal_site2_plot_1",2000,"cc8c1636-ef48-4bb3-bf42-4e865b877703"
"Setesdal_site2_plot_2",2000,"27cbd8f2-7397-4373-b870-7893bf6ed3da"
"Setesdal_site2_plot_5",2000,"76249a87-7146-4b52-b1d5-245fe6839e91"
"Setesdal_site2_plot_9",2000,"ed808378-c16e-4b4b-8cb7-cb96f88553e3"
"Setesdal_site2_plot_12",2000,"ef098e42-3637-41da-8e5e-886012d0385d"
"Setesdal_site2_plot_13",2000,"50aae91b-b9fd-4bfe-843a-0b7628d03746"
"Setesdal_site2_plot_14",2000,"b9193ffe-a516-413a-80b6-e34c69415b48"
"Setesdal_site2_plot_15",2000,"d2d75a21-d9ff-4267-9d91-df613a77329b"
"Setesdal_site2_plot_16",2000,"e1662195-cd74-4a24-980b-5c19cc399bd6"
"Setesdal_site2_plot_19",2000,"a046746a-6ffe-4f44-af8d-d9c81b32d5d0"
"Setesdal_site2_plot_20",2000,"049e5dbe-9ede-4751-9d23-bb1341ab0386"
"Setesdal_site3_plot_1",2000,"c68b575d-99d9-485e-bff8-b25a21b4402e"
"Setesdal_site3_plot_2",2000,"4c92a89f-ab94-48a0-835a-c8a2d5768a26"
"Setesdal_site3_plot_3",2000,"4120e6c9-5f58-43dc-993f-65e2b542316b"
"Setesdal_site3_plot_6",2000,"18be490a-ab88-4466-a770-c9ef89db01a8"
"Setesdal_site3_plot_7",2000,"bcc7ba74-aea4-4a88-838c-9ffa37b3986f"
"Setesdal_site3_plot_8",2000,"ecb3e0ca-3f12-46f1-8d06-8aef9cdd79b1"
"Setesdal_site3_plot_9",2000,"046a42dd-5840-4228-8033-887b076ecedc"
"Setesdal_site3_plot_10",2000,"17398dad-b5e7-41e8-be3c-80104e20e6f7"
"Setesdal_site3_plot_12",2000,"40b96c59-a4e5-4509-aed6-b52f641bf26f"
"Setesdal_site3_plot_13",2000,"cf7bf143-0e3f-4f97-8b03-93dcfb1ac905"
"Setesdal_site3_plot_15",2000,"a64383c3-1c75-4333-a2fa-6b86671475f7"
"Setesdal_site3_plot_17",2000,"d373b24e-1f1b-4ab2-bc82-b65741d4ed37"
"Setesdal_site3_plot_20",2000,"90279433-e336-450d-bd68-1583b77b06c5"
"Setesdal_site5_plot_1",2000,"99435b73-3b05-4d6b-996c-ec916ef868aa"
"Setesdal_site5_plot_6",2000,"78c84f21-4733-4b06-a5b2-4fd677455cc3"
"Setesdal_site5_plot_13",2000,"9693ed4b-b982-496b-b866-dc091cdda00b"
"Setesdal_site8_plot_2",2000,"3cc4e0f2-eff9-48f6-bf79-15d494f4c1b4"
"Setesdal_site1_plot_13",2002,"270956ec-3eab-41f5-88fe-3f8af4aaa197"
"Setesdal_site1_plot_16",2002,"cec3e2a3-9b73-4ac3-98bc-d8927cac1cab"
"Setesdal_site1_plot_17",2002,"1a920e7a-7bdc-4935-8969-2ae49f7ed333"
"Setesdal_site2_plot_2",2002,"54617ca1-62f1-4aec-9f73-eaf4aaeae5d9"
"Setesdal_site2_plot_3",2002,"1f753901-46f2-43e7-ae67-d39893e585b1"
"Setesdal_site2_plot_5",2002,"9a096f4b-8d9c-4e4f-b8bf-c100b3531533"
"Setesdal_site2_plot_9",2002,"bd5cae63-49c8-4f75-bb5a-459566d98612"
"Setesdal_site2_plot_11",2002,"75d433f1-ad02-4690-9d39-849c793ad469"
"Setesdal_site2_plot_12",2002,"9c934d9c-655b-4507-9eee-a42aac037165"
"Setesdal_site2_plot_13",2002,"7627b91c-ca51-498c-831c-afb1acaff560"
"Setesdal_site2_plot_14",2002,"24b0642b-62d7-4ec9-9885-f1d8434d4ee7"
"Setesdal_site2_plot_15",2002,"6d8f63f5-f79b-4024-aa05-19e6555bb41f"
"Setesdal_site2_plot_16",2002,"535f59e1-a452-459a-aa8f-c2ae42b54be9"
"Setesdal_site2_plot_20",2002,"2bccb365-c98a-446d-aea9-4a33d04387d5"
"Setesdal_site3_plot_1",2002,"3e58dd0c-a283-414d-b7ce-3c5dc76ebabe"
"Setesdal_site3_plot_2",2002,"14e1a388-4fba-4634-8f6e-65354ef33fc4"
"Setesdal_site3_plot_3",2002,"2312dfda-2d89-449c-8049-092f46b58698"
"Setesdal_site3_plot_6",2002,"b58d020e-5fff-4ef3-ad69-a63c6bd7ed55"
"Setesdal_site3_plot_7",2002,"cde24d8c-3d38-4e88-9b93-7a4ba5cfc6f5"
"Setesdal_site3_plot_8",2002,"18872cf7-0dd9-4eba-a027-d6928ad009ef"
"Setesdal_site3_plot_9",2002,"7eeee186-3f5e-49b5-88f1-548bd413dd99"
"Setesdal_site3_plot_10",2002,"2d2a0255-bb9e-4db0-af9b-cb247d3f787d"
"Setesdal_site3_plot_13",2002,"bd8db2b5-d082-43e6-9db8-323b3a049d79"
"Setesdal_site3_plot_15",2002,"2b7f7ac2-1bde-44d1-b66e-cec31b89f846"
"Setesdal_site3_plot_17",2002,"ac7c0d31-25f1-4083-95b8-bcbf0b8c23e1"
"Setesdal_site3_plot_19",2002,"907aa4c7-27d0-43ea-a008-02ad4f9fb4f0"
"Setesdal_site3_plot_20",2002,"34e12c56-290c-4b17-b2ab-ae7a1d598f65"
"Setesdal_site5_plot_1",2002,"0d1a2180-4141-42d9-9078-489dd4259bb2"
"Setesdal_site5_plot_6",2002,"5808543d-5a8e-4dd7-8ec1-d143b2601de7"
"Setesdal_site5_plot_14",2002,"5e4f8658-d8a3-4b58-a801-809270f4f5bb"
"Setesdal_site1_plot_12",2004,"f4f9baf8-7fd3-44dc-bc10-ccc74fd78dbb"
"Setesdal_site1_plot_13",2004,"12ff1e75-90b3-43af-b2ff-ad582b49b04f"
"Setesdal_site1_plot_16",2004,"46fa62b6-1eb5-4998-9bd4-1d4fc3467745"
"Setesdal_site1_plot_17",2004,"a8218399-5d70-4508-92eb-c0b43338e80d"
"Setesdal_site1_plot_18",2004,"c8a687eb-d8e5-4a1a-8260-c9071cf6352c"
"Setesdal_site2_plot_1",2004,"d86adec7-a26f-4379-a5e6-e6347a9938c4"
"Setesdal_site2_plot_2",2004,"1ad97011-2d77-4c58-a814-bccbdc3632bc"
"Setesdal_site2_plot_5",2004,"edc96b34-fb70-4c1b-86ef-823fe409449e"
"Setesdal_site2_plot_7",2004,"5302d9de-e2f3-47be-8f50-4c725604a0c6"
"Setesdal_site2_plot_9",2004,"22285f92-921a-4148-a023-df0c4de35961"
"Setesdal_site2_plot_12",2004,"fe5d5f80-8302-4db2-941b-7dad33906f0e"
"Setesdal_site2_plot_13",2004,"8223ebe5-2a4c-4c23-a335-48351eca9f7e"
"Setesdal_site2_plot_14",2004,"895a717a-d406-4700-957d-7f749d37a660"
"Setesdal_site2_plot_15",2004,"f3c33d1e-bbb7-41fc-a66a-57718327a3f5"
"Setesdal_site2_plot_16",2004,"9d8cddc3-04ab-4a59-9ac3-030581a304b7"
"Setesdal_site2_plot_19",2004,"9f4937d6-3337-4367-8ea1-cff096531c74"
"Setesdal_site2_plot_20",2004,"35073381-b3b3-4fa8-bbf3-0833b118692b"
"Setesdal_site3_plot_1",2004,"01f9355d-eb69-48ac-bcca-e092ef84b6ec"
"Setesdal_site3_plot_2",2004,"b765b750-a9fe-4de8-a336-81c72a2e13c9"
"Setesdal_site3_plot_3",2004,"4283c6d3-1e35-4c13-9c6f-1f8fd4d7fe7c"
"Setesdal_site3_plot_4",2004,"898b4c1e-337c-4bb9-a5d8-6f3704ac431f"
"Setesdal_site3_plot_5",2004,"c156908f-ba43-4b30-b130-4d4e56dcbaba"
"Setesdal_site3_plot_6",2004,"3f068ee4-b6d5-4931-a65a-1f3f05e7561d"
"Setesdal_site3_plot_7",2004,"4d3d7fdc-c29a-4b86-83b8-98091532d901"
"Setesdal_site3_plot_8",2004,"ca418dda-907f-4ff2-afef-33ea7bf602a1"
"Setesdal_site3_plot_9",2004,"ec0e852b-de25-499f-94ed-69f89e23cfb4"
"Setesdal_site3_plot_10",2004,"ae4d22d6-99f4-4b2d-9e14-cb711ce503d4"
"Setesdal_site3_plot_13",2004,"12939c48-c864-40e2-b729-db9cb48fb25b"
"Setesdal_site3_plot_15",2004,"e1a643e1-fe9d-4a9f-8b46-c6b3e7e55ed6"
"Setesdal_site3_plot_17",2004,"9320cfb1-79b2-4e10-81b4-5d994f76c9ea"
"Setesdal_site3_plot_19",2004,"17b9debe-d665-4368-98f2-0f56cf1bc941"
"Setesdal_site3_plot_20",2004,"3e01cdf8-b93b-4c2e-b906-0f4777100981"
"Setesdal_site5_plot_1",2004,"5b94499b-b7b8-4f28-84f3-1f53466cb20e"
"Setesdal_site5_plot_6",2004,"ecaa6274-9806-45fe-b54a-75933a4b9400"
"Setesdal_site5_plot_13",2004,"ba41edbb-09da-4e77-a35b-64d470f5115c"
"Setesdal_site1_plot_12",2006,"effb1591-ce4f-49dd-932c-ae74f3a9498c"
"Setesdal_site1_plot_13",2006,"813582d8-ce64-4d6d-b8cf-13813a29cbf7"
"Setesdal_site1_plot_16",2006,"3b55e2ad-027d-438f-8945-d4988edf6ee4"
"Setesdal_site1_plot_17",2006,"b38ca45a-672b-4657-ac6c-ace2c16717e3"
"Setesdal_site1_plot_18",2006,"24d45c99-90d2-4b53-a535-742bf3fb5bf1"
"Setesdal_site2_plot_1",2006,"d4901824-b2c9-45c7-b87f-7b3387ef0634"
"Setesdal_site2_plot_2",2006,"f41c95b0-9a2d-4bb0-a956-bedb2d8199bf"
"Setesdal_site2_plot_5",2006,"b92ddfcc-fd05-420d-97d3-d1619f5210d6"
"Setesdal_site2_plot_7",2006,"709818d5-9cd3-4eca-8fc2-eec5521cc913"
"Setesdal_site2_plot_9",2006,"dff46603-d398-478a-8516-b14a93cca831"
"Setesdal_site2_plot_11",2006,"e1495093-771c-4fa0-8fd6-d30fb9a14741"
"Setesdal_site2_plot_12",2006,"8c7d2021-88eb-4ade-a362-63434951e87d"
"Setesdal_site2_plot_13",2006,"0d9e691d-0111-425f-ad84-ff0218a89304"
"Setesdal_site2_plot_14",2006,"1492fbc7-a1f6-4a7b-aef8-1c1b3077f88c"
"Setesdal_site2_plot_15",2006,"d58dc29c-412c-46a2-9ccb-344d927f7638"
"Setesdal_site2_plot_16",2006,"4740d549-c74e-41ba-a09d-c82be770249b"
"Setesdal_site2_plot_19",2006,"ab982871-9a42-4681-9a38-e8f752ac38e7"
"Setesdal_site2_plot_20",2006,"6bcde65c-889c-4e71-9438-94bbd2ba6841"
"Setesdal_site3_plot_1",2006,"4a48cded-4bf1-470e-b02d-da98c34fe753"
"Setesdal_site3_plot_2",2006,"decd6a02-9072-419c-9eb2-3adda9d29426"
"Setesdal_site3_plot_3",2006,"30743ae0-0325-4e41-bc2a-d07281aa0278"
"Setesdal_site3_plot_4",2006,"016180c1-8770-4064-b1df-2984c963b1c8"
"Setesdal_site3_plot_5",2006,"26c07328-3f20-416c-8b55-72c288f22536"
"Setesdal_site3_plot_6",2006,"a1e4409c-72a0-4201-acd2-a72e183314f7"
"Setesdal_site3_plot_7",2006,"10f57f95-145d-4d34-97fc-e2aac35f98fb"
"Setesdal_site3_plot_8",2006,"c42dd3e7-ab04-49aa-b43b-9cb5c33b3daf"
"Setesdal_site3_plot_9",2006,"a3d73018-5e81-4dc2-b60b-f29350ac5e75"
"Setesdal_site3_plot_10",2006,"c84fa4e0-fa2a-4c6a-8235-a551323eda98"
"Setesdal_site3_plot_13",2006,"515602a0-d93b-46cd-bd50-10718796eb51"
"Setesdal_site3_plot_15",2006,"c0dd0179-88ab-48e7-8bd0-b24163a3be49"
"Setesdal_site3_plot_17",2006,"cf0ab2d4-d12c-4bf4-b3f5-f48e86a9a01b"
"Setesdal_site3_plot_19",2006,"f44851c5-89b5-4ff1-8635-561d37215b9e"
"Setesdal_site3_plot_20",2006,"87e18b4e-bf87-4d8c-b706-3fe825b50871"
"Setesdal_site5_plot_6",2006,"182ed480-9413-4d3b-aa3b-b1c89e32fff5"
"Setesdal_site5_plot_13",2006,"f9758266-1df7-477f-ba5b-8cd3715b8065"
"Setesdal_site5_plot_14",2006,"904b8b29-8296-436b-82b4-40638ff7270c"
"Setesdal_site1_plot_12",2008,"5a441156-9140-4c9b-a7bc-caf9563043fa"
"Setesdal_site1_plot_13",2008,"cd685286-9334-4cec-ad8f-8d218339a8a5"
"Setesdal_site1_plot_14",2008,"b54d765c-b031-483b-a882-53b5e3fcb84c"
"Setesdal_site1_plot_16",2008,"c2acf21c-ac87-4f67-89aa-ecb71889d2de"
"Setesdal_site1_plot_17",2008,"448874fc-f019-43f5-a175-74a68025dc05"
"Setesdal_site1_plot_18",2008,"e8a3472d-0f9d-4a68-b425-abd1cc15fb5d"
"Setesdal_site2_plot_2",2008,"cf11e584-780c-46f8-9bd3-af3694d4c19c"
"Setesdal_site2_plot_5",2008,"8218a466-fb62-4408-bd3f-d92a8e67b749"
"Setesdal_site2_plot_11",2008,"ff6f6723-04aa-494a-8562-23e166931230"
"Setesdal_site2_plot_12",2008,"66a3186e-023f-4c13-b05e-106527933d0a"
"Setesdal_site2_plot_13",2008,"ed984b7e-beb5-40d0-8ac1-09103d9b590a"
"Setesdal_site2_plot_14",2008,"bf765a2e-1e48-4bec-897b-dcdcebe45198"
"Setesdal_site2_plot_15",2008,"4c7ed08a-22c8-49c5-a710-ceb40015dec4"
"Setesdal_site2_plot_16",2008,"43fe4b8d-4d91-4d80-85f7-01b5eff930e5"
"Setesdal_site2_plot_20",2008,"2f4cd6b9-52fe-44ad-87f3-df5113f60534"
"Setesdal_site3_plot_1",2008,"b4ea7162-a0a2-416d-a03c-e89d20b60d5a"
"Setesdal_site3_plot_2",2008,"82b00185-0bcb-47f4-b702-70504bb3e3a7"
"Setesdal_site3_plot_3",2008,"515e3e78-836a-4300-bd58-446384857c69"
"Setesdal_site3_plot_7",2008,"e9a96753-f18b-4d7f-ac26-47b0a48b208a"
"Setesdal_site3_plot_8",2008,"c9344f28-48ed-4dbb-a1e9-19be6996a7fb"
"Setesdal_site3_plot_9",2008,"6df88414-65ee-4ebe-9b61-17866360eb92"
"Setesdal_site3_plot_10",2008,"635cb79e-0be6-49db-841b-02974104162f"
"Setesdal_site3_plot_13",2008,"816180ff-1c85-414c-99ee-dc2c0781542f"
"Setesdal_site3_plot_15",2008,"de8f1787-ca58-4344-a73b-e514ed848948"
"Setesdal_site3_plot_17",2008,"e015dba4-3b21-42e3-89db-88cc660191db"
"Setesdal_site3_plot_19",2008,"516831b9-1e61-4b0e-a084-d3e9ed765351"
"Setesdal_site3_plot_20",2008,"183731cc-687a-4319-b771-3399ce40b15a"
"Setesdal_site5_plot_1",2008,"59a68fe8-d984-4cf5-8746-cb85a10e74d1"
"Setesdal_site5_plot_6",2008,"34fd8dc6-18ac-4d28-9e78-289b30101f8a"
"Setesdal_site5_plot_13",2008,"30e5d5ed-4b96-461f-81c6-c94a0da73a9d"
"Setesdal_site1_plot_13",2010,"f5006c50-2696-4070-b63d-53a1c232f293"
"Setesdal_site1_plot_16",2010,"e56be126-b641-40cd-b777-fb1cb791e16a"
"Setesdal_site1_plot_17",2010,"73479da4-ba2f-4ec3-923c-9be18c051c13"
"Setesdal_site1_plot_18",2010,"db889958-f138-4b1b-bee5-1f408a49648b"
"Setesdal_site2_plot_5",2010,"87be25bd-9491-4983-b6a3-12746e4222f3"
"Setesdal_site2_plot_7",2010,"116fa8de-b492-4669-a3e4-fbdd333960bf"
"Setesdal_site2_plot_11",2010,"6ef7414f-2615-4667-ad4c-882ecaa6a68d"
"Setesdal_site2_plot_12",2010,"bd917097-cbc0-4293-92c0-d9b56257718c"
"Setesdal_site2_plot_13",2010,"5da4a5bf-b1ae-48c1-acdc-30c77b9ed472"
"Setesdal_site2_plot_14",2010,"9e31aa91-7031-479a-a19e-dee64e80bab6"
"Setesdal_site2_plot_15",2010,"ac4e3ed0-3bdc-4abb-b620-0055c76bffe4"
"Setesdal_site2_plot_16",2010,"41087385-63fe-41d1-916e-a7c67cbd0d20"
"Setesdal_site2_plot_20",2010,"3e12f238-6965-44c1-a53a-3b6a9a0cd417"
"Setesdal_site3_plot_1",2010,"ee0880c4-6cdc-4da8-84bc-b5148c3663f1"
"Setesdal_site3_plot_2",2010,"95c48cac-a807-4809-aa76-f56f1d3c73b2"
"Setesdal_site3_plot_3",2010,"e4efda3e-5681-471b-9154-c06b91b35c12"
"Setesdal_site3_plot_5",2010,"6261e837-76f6-4905-a267-7f9326f1279b"
"Setesdal_site3_plot_6",2010,"7b84b701-a320-4249-bc5f-6d3dd90cc816"
"Setesdal_site3_plot_7",2010,"44c1f7cc-fda8-4c6f-be6e-b22fb1113ac8"
"Setesdal_site3_plot_8",2010,"bd8c10d9-b4a4-474f-ae0b-56c16ce85dec"
"Setesdal_site3_plot_9",2010,"20ea30f0-2b81-473b-9cee-bd8394b9c7e6"
"Setesdal_site3_plot_10",2010,"7c7db231-0a81-421e-9ff5-6187b03b2d57"
"Setesdal_site3_plot_13",2010,"b6076d2e-1bc1-4dc9-9745-b655796c38e5"
"Setesdal_site3_plot_15",2010,"132f8cb1-0346-4680-b647-27d7bd929345"
"Setesdal_site3_plot_16",2010,"6b1857ed-1988-45f6-a92b-be47ac1dbaf8"
"Setesdal_site3_plot_17",2010,"caceaa7a-3245-43aa-8a48-146bb11d5072"
"Setesdal_site3_plot_20",2010,"7777dcd9-afbf-42ad-afbe-3a6121ce304f"
"Setesdal_site5_plot_6",2010,"dbcf60aa-c718-483b-941e-6e6f381b0ab0"
"Setesdal_site5_plot_13",2010,"8301cb1f-5311-4384-be48-f621a1382eed"
"Setesdal_site9_plot_18",2010,"dfbf570f-154d-490e-99f5-599de9fd2677"
"Setesdal_site1_plot_13",2012,"c0c03d90-ef4a-4bfa-991a-a1427527efb2"
"Setesdal_site1_plot_16",2012,"69ea8129-fef2-4b1f-8c99-478c8620c8d5"
"Setesdal_site1_plot_17",2012,"6e9a4e05-005a-4cee-9b3c-f528dc636e61"
"Setesdal_site1_plot_18",2012,"d288b31c-c42e-464a-aa7d-968566fbd352"
"Setesdal_site2_plot_11",2012,"694ed13c-ca72-4c0b-8a24-03bddf5e210e"
"Setesdal_site2_plot_12",2012,"e22a8254-9ec3-499b-a7d0-2b908c6ff5b9"
"Setesdal_site2_plot_13",2012,"6a924a1f-e664-476f-aa47-d9a8558c6f03"
"Setesdal_site2_plot_14",2012,"19916fb4-31e1-4249-846c-a6e9477404db"
"Setesdal_site2_plot_15",2012,"37132f93-c7ad-4fdc-ae64-49d44fa8e612"
"Setesdal_site2_plot_16",2012,"32a6e7ef-0dce-41e5-b6cc-452eeac1c185"
"Setesdal_site2_plot_19",2012,"a647ee4a-05df-4327-b20a-91440298b3fa"
"Setesdal_site2_plot_20",2012,"d0488ad5-18ac-4f2f-aec5-8b5acb1d2a47"
"Setesdal_site3_plot_1",2012,"f376dea8-1a75-4060-9975-8f6e2156c2a0"
"Setesdal_site3_plot_2",2012,"0313b779-3f43-4b06-a13e-5268877f6d9b"
"Setesdal_site3_plot_3",2012,"5373f0f8-87c0-48b6-a3f2-b34a02419ac9"
"Setesdal_site3_plot_6",2012,"4c5839c8-4968-475b-867e-5d2279439a3d"
"Setesdal_site3_plot_7",2012,"05c9e495-eecd-4cd2-8be0-22562e1c84e2"
"Setesdal_site3_plot_8",2012,"3b26701c-6a07-4ede-bb49-2324d0a0e46c"
"Setesdal_site3_plot_9",2012,"64d50340-dcf1-44d1-8289-329faa86cbc5"
"Setesdal_site3_plot_10",2012,"a3b712c3-3f6b-4faa-96c8-3a07d2f29871"
"Setesdal_site3_plot_13",2012,"a41a0dd0-c1f3-43b7-abf1-94e6f462a197"
"Setesdal_site3_plot_15",2012,"92fd9c7a-53b8-4216-8368-13309eae8b72"
"Setesdal_site3_plot_16",2012,"02b86b5d-6481-460e-90d4-a81cf11d0922"
"Setesdal_site3_plot_17",2012,"59ac0c29-f244-4302-b22c-85c25e0783ea"
"Setesdal_site3_plot_19",2012,"dbb2c838-72fc-48ba-86a9-04b84496471c"
"Setesdal_site3_plot_20",2012,"6061530a-0aa2-4b64-bad7-f2b167e83b0f"
"Setesdal_site5_plot_6",2012,"912aa33f-7c5c-4ca4-a1fa-fe0723252586"
"Setesdal_site5_plot_13",2012,"15d33706-a636-4008-b38a-72273088c41a"
"Setesdal_site1_plot_1",2000,"8adfffcb-eb87-462f-89e5-d5daeee0f09b"
"Setesdal_site1_plot_2",2000,"da2faaf8-2a13-44ec-99c7-e2e817da3205"
"Setesdal_site1_plot_3",2000,"fc51ee0c-d741-488a-98d5-9db0369bb810"
"Setesdal_site1_plot_4",2000,"acf3b3ca-d311-4595-b2ce-86e335f18d95"
"Setesdal_site1_plot_5",2000,"62b72094-cd76-4254-bddb-fe08c11e6bd5"
"Setesdal_site1_plot_7",2000,"15c36128-a7ab-4579-b7c3-cdc3d626c1bf"
"Setesdal_site1_plot_8",2000,"2eb6c475-73ac-42fd-9888-64a43a08f332"
"Setesdal_site1_plot_9",2000,"319bd770-add1-4255-88b9-2886680d354d"
"Setesdal_site1_plot_10",2000,"f3f45312-9b67-4b5f-bbd3-4439b5ee8422"
"Setesdal_site1_plot_11",2000,"eb71375f-e628-445a-8d29-9212b815850a"
"Setesdal_site1_plot_12",2000,"e7408c25-e34e-4d77-b418-10260e581604"
"Setesdal_site1_plot_14",2000,"ed951e9a-9188-46a7-ba34-f2cfe3b7c2ea"
"Setesdal_site1_plot_19",2000,"ce77ffeb-0be3-41d9-9e97-bbd09cab0db1"
"Setesdal_site1_plot_20",2000,"7ca8df92-c509-4053-ba92-764dc59c7f18"
"Setesdal_site2_plot_3",2000,"2e5b568b-e0e4-449e-8581-2771f6a1b204"
"Setesdal_site2_plot_7",2000,"51a61004-b58f-4873-92af-df543305290d"
"Setesdal_site2_plot_8",2000,"65e30b62-bbd1-4f5a-aca8-fddc129889f7"
"Setesdal_site2_plot_11",2000,"84215441-53c0-4fe3-b404-42fb4e390ab7"
"Setesdal_site4_plot_1",2000,"6203b325-23ae-4364-a1fa-c0ff0209b435"
"Setesdal_site4_plot_3",2000,"918b5f23-3456-48b3-9256-34d58865cd92"
"Setesdal_site4_plot_6",2000,"beaba84a-5a3e-4dca-acc4-161cf4c152f4"
"Setesdal_site4_plot_8",2000,"aded965a-0f07-428d-99e7-617bfccb1df8"
"Setesdal_site4_plot_10",2000,"119c52f8-b69e-48be-ba47-d98e4128806f"
"Setesdal_site4_plot_11",2000,"41472362-1109-46fb-b77e-c0704e7370c2"
"Setesdal_site4_plot_12",2000,"5fc22b8e-3710-42a6-b08f-58afb48ef074"
"Setesdal_site4_plot_13",2000,"6a73a041-c66c-48ec-b5f8-b806de1e0842"
"Setesdal_site4_plot_14",2000,"9814bca0-8042-41f8-976b-dd102fec00ee"
"Setesdal_site4_plot_15",2000,"6b26e078-a0aa-48ab-b6aa-35f31f8281e2"
"Setesdal_site4_plot_16",2000,"fdb686f1-7063-41da-9158-d518baf8a653"
"Setesdal_site4_plot_18",2000,"8ae1de9c-d413-488c-8af0-3f3e668ebfe9"
"Setesdal_site4_plot_20",2000,"b85d3fca-7e50-4c2b-bba9-4136e4e6303a"
"Setesdal_site5_plot_4",2000,"5b867f4c-7b95-49a1-8645-d698dfcca1f2"
"Setesdal_site5_plot_10",2000,"b6336917-0b2c-4499-a79a-befc5d243d01"
"Setesdal_site5_plot_19",2000,"58c54365-adcb-420e-8f9d-6a5ee15d72f2"
"Setesdal_site6_plot_2",2000,"9344a6fd-eccc-4735-8e2a-cf113b3f399e"
"Setesdal_site6_plot_8",2000,"d4c15771-ddd0-470d-b08f-ee2384d321a8"
"Setesdal_site6_plot_14",2000,"cb8e14c8-88d5-4c46-80c0-65c827ff4847"
"Setesdal_site7_plot_6",2000,"d84332c5-8f2b-456e-bcdf-71251da5f187"
"Setesdal_site7_plot_14",2000,"3adea751-51f2-4d92-8b93-0f4068579386"
"Setesdal_site7_plot_15",2000,"c5833987-df55-4a38-8fd8-eb764f980d44"
"Setesdal_site8_plot_8",2000,"f5aa4c2c-76b0-4578-b3ef-7beab2d260eb"
"Setesdal_site9_plot_4",2000,"91d8e85b-838c-49af-9536-c1f17ec2978d"
"Setesdal_site9_plot_5",2000,"69113a5f-611a-47b8-a5d6-2216035cd5f6"
"Setesdal_site9_plot_18",2000,"35ffc6f8-f732-4300-9344-0fe4de838c09"
"Setesdal_site10_plot_1",2000,"8ea62bb2-e1a0-46aa-a170-25d9527d5d34"
"Setesdal_site10_plot_2",2000,"652cb7af-7024-485a-ad06-0cabadec1f2d"
"Setesdal_site10_plot_3",2000,"90ac8ee8-a0e7-464b-a8eb-9fe37c77a706"
"Setesdal_site10_plot_5",2000,"5fdfac3b-2911-47bb-901f-fe4641e6a7de"
"Setesdal_site10_plot_6",2000,"71baabb6-af05-4fd8-a6bf-dfd2ab9d94ef"
"Setesdal_site10_plot_7",2000,"002c1f63-8ce3-4363-aa7a-300e8b35b7e8"
"Setesdal_site10_plot_8",2000,"c80f0345-503f-4e00-be8e-ec38787cd6ff"
"Setesdal_site10_plot_10",2000,"3ec0d486-4657-40ce-86f3-1aa55e19b80f"
"Setesdal_site10_plot_11",2000,"17847dc2-33bc-4720-ba4d-446ab1e21075"
"Setesdal_site10_plot_12",2000,"f29728e6-0184-4eb5-b9b4-2eae360b5233"
"Setesdal_site10_plot_13",2000,"b534392e-2da5-45ff-af92-82c0f25b1cf1"
"Setesdal_site10_plot_14",2000,"d083c9a6-41cb-4353-9bb4-9523376dc4f4"
"Setesdal_site10_plot_15",2000,"9312d2d9-7f95-49bf-ac73-4e362823d966"
"Setesdal_site10_plot_17",2000,"2b70f8f9-63d0-47bd-b36e-ddc48020a621"
"Setesdal_site10_plot_19",2000,"095e1712-5ede-4ea1-a7db-5d5951ffc04b"
"Setesdal_site10_plot_20",2000,"3052547e-8c64-45f7-a0fb-bd4819d28cdd"
"Setesdal_site1_plot_1",2002,"00ec4ffd-d499-420c-847a-6ffc06010b5e"
"Setesdal_site1_plot_2",2002,"fb8c7a47-6cc6-4394-b34b-58626727daa6"
"Setesdal_site1_plot_3",2002,"c736fea3-8251-4945-8bce-e2ac405a8bde"
"Setesdal_site1_plot_4",2002,"3e5899bd-c255-45e1-babd-1eaa7e1b2180"
"Setesdal_site1_plot_5",2002,"70b61698-94e4-43a2-90bf-3097ace591a8"
"Setesdal_site1_plot_7",2002,"5604550d-67d3-43c5-a6a2-187ff744b2d7"
"Setesdal_site1_plot_8",2002,"3f9d21bd-8f1f-4a9e-bdf4-fad19542a27e"
"Setesdal_site1_plot_9",2002,"be8495ab-b7a2-441b-8657-149e1c2782b5"
"Setesdal_site1_plot_10",2002,"240c85fc-858d-4acd-ad69-e2caefdfce32"
"Setesdal_site1_plot_11",2002,"025930dc-50ce-4b67-8a88-ca4e2755fb0f"
"Setesdal_site1_plot_12",2002,"4c057bd7-c963-455f-9a89-62e5b2e59041"
"Setesdal_site1_plot_14",2002,"755d58e9-773a-46ef-9cce-fefa2fe7e4e4"
"Setesdal_site1_plot_19",2002,"92686605-5e80-4c7d-9a1c-d31d173efba0"
"Setesdal_site1_plot_20",2002,"a3aebea9-36b1-489c-a0b8-2a36cfd35466"
"Setesdal_site2_plot_7",2002,"487d1b43-4014-44fb-a28b-e75ff4abc3aa"
"Setesdal_site4_plot_1",2002,"52b4bc95-9106-4258-a004-da78f0eccbc6"
"Setesdal_site4_plot_6",2002,"7015ef21-c241-4579-8d76-8dc4f6a6d6d6"
"Setesdal_site4_plot_8",2002,"ac452656-dc51-43ad-90b7-17683b4acab9"
"Setesdal_site4_plot_10",2002,"1e1d6312-7624-48a4-81f6-d7da38844cc5"
"Setesdal_site4_plot_11",2002,"aa9419e4-0565-4993-adf7-51715d8fd326"
"Setesdal_site4_plot_12",2002,"6e4683b8-c138-4d0b-9065-ae84473ab0ba"
"Setesdal_site4_plot_13",2002,"c85c8901-1b40-42a2-85a0-218336dee386"
"Setesdal_site4_plot_14",2002,"2daf5d89-8e91-4bf1-b0fa-78954bbd678a"
"Setesdal_site4_plot_15",2002,"dca7222d-a9fa-4097-aa07-ccf9aeb843a1"
"Setesdal_site4_plot_16",2002,"e9b8e1a1-72f5-4b04-a6f9-3e4c420cd514"
"Setesdal_site4_plot_18",2002,"ec7e9328-d942-4fe6-bfc2-554589ba73c2"
"Setesdal_site4_plot_20",2002,"be58c18d-3c5c-4a74-9699-d88f796fbb5c"
"Setesdal_site5_plot_4",2002,"63d35d22-4457-45a9-beea-b13f05b0e72d"
"Setesdal_site5_plot_10",2002,"a3f3313e-c811-4ec1-8bce-3c5228c9f4c5"
"Setesdal_site5_plot_19",2002,"32e7667e-1993-4b1a-858f-0ee0eb9380d7"
"Setesdal_site6_plot_2",2002,"8c6465c5-595d-4a81-b819-6a02ead90e6d"
"Setesdal_site6_plot_8",2002,"004d500f-55f6-48b1-a241-48ebcfa72daf"
"Setesdal_site6_plot_14",2002,"46170337-600f-40ed-b758-349b5481a5b7"
"Setesdal_site7_plot_6",2002,"640af561-d2d7-4bf5-b74b-ced63a7169c2"
"Setesdal_site7_plot_14",2002,"e08baa36-57df-4b8c-8648-c1d09a4ee37a"
"Setesdal_site7_plot_15",2002,"628d75b1-4eeb-491d-855c-338c74ada9f1"
"Setesdal_site8_plot_8",2002,"600c363e-39a5-4ab2-9317-0bec93e2b5f4"
"Setesdal_site9_plot_4",2002,"7daacefe-b835-4acc-b1fc-56b5cefba4cc"
"Setesdal_site9_plot_5",2002,"485b6794-5e4e-4cc0-8b47-22080e9a96a7"
"Setesdal_site9_plot_18",2002,"70b4944b-084c-4847-b0ae-d61a39f60155"
"Setesdal_site10_plot_1",2002,"5ba0323d-fb21-480e-b7b1-38a519804263"
"Setesdal_site10_plot_2",2002,"f04a2a4d-b97b-4bb6-8b21-9d7220be4c2c"
"Setesdal_site10_plot_3",2002,"93112f1a-78b7-4581-933c-9eeab59e967d"
"Setesdal_site10_plot_5",2002,"6020c2ca-3ffb-421d-a35a-fd7c3950888c"
"Setesdal_site10_plot_6",2002,"ce737d32-d801-4a28-b085-56880610b206"
"Setesdal_site10_plot_7",2002,"5d3b521d-cd7f-4360-b08c-8fcaf7395001"
"Setesdal_site10_plot_8",2002,"8f18c048-52cd-46ba-aad0-4fa90ca0b202"
"Setesdal_site10_plot_10",2002,"4643e685-c96c-4053-bba1-b52801bb9f0b"
"Setesdal_site10_plot_11",2002,"82d42dde-e8db-46c3-9cd5-6700211973cb"
"Setesdal_site10_plot_12",2002,"5f5168fe-a9ea-409d-9434-8002684b8ccb"
"Setesdal_site10_plot_13",2002,"135a8791-be7b-4037-834b-184a579b9c43"
"Setesdal_site10_plot_14",2002,"bd76847f-fa91-4fa8-8a97-92570df0f7a6"
"Setesdal_site10_plot_15",2002,"fa63cf92-3c85-4df1-89c0-32c6023a0354"
"Setesdal_site10_plot_17",2002,"cf402bef-a156-47b0-9c35-c95476738c56"
"Setesdal_site10_plot_19",2002,"48b77e04-a7ae-4853-b55b-86908c486af3"
"Setesdal_site10_plot_20",2002,"4ad10347-6b9f-4bbe-96de-69dde11ce0f0"
"Setesdal_site1_plot_1",2004,"8e23ae17-68e0-4835-a6e3-db16f639c368"
"Setesdal_site1_plot_2",2004,"7368d0a5-1ed6-4fb6-b110-fc6529c73e64"
"Setesdal_site1_plot_3",2004,"ab497a30-f09e-45b4-810a-261350c05219"
"Setesdal_site1_plot_4",2004,"710b9b48-e755-47cb-8675-0987f1bfe4b5"
"Setesdal_site1_plot_5",2004,"64b1dac7-6cef-4741-af71-d9f4317e18eb"
"Setesdal_site1_plot_7",2004,"818b23b6-1b95-423a-a242-4d274029fd49"
"Setesdal_site1_plot_8",2004,"d8490587-e28d-458f-be2b-a89566d12f79"
"Setesdal_site1_plot_9",2004,"459815c8-e381-45de-81ac-05fca089da5d"
"Setesdal_site1_plot_10",2004,"5b005c89-4669-46eb-b6dd-b65daa63b6ed"
"Setesdal_site1_plot_11",2004,"293b2084-8451-4f76-84f8-926ebf92120c"
"Setesdal_site1_plot_14",2004,"4bce9ad4-7452-41f0-a903-dc66335ef491"
"Setesdal_site1_plot_19",2004,"63a6c272-9b83-4531-b0be-021937ea0b3d"
"Setesdal_site1_plot_20",2004,"049da87f-0c65-4c45-b3e9-aaaf8b1c67cd"
"Setesdal_site2_plot_3",2004,"92bb3d4a-c7d9-4e1f-bb9f-05834cefb4f5"
"Setesdal_site2_plot_8",2004,"a072a69a-4cc5-44d4-b7a3-7b372d8702ff"
"Setesdal_site2_plot_11",2004,"9027343c-bc3c-4ef4-8cdc-a773661a1b33"
"Setesdal_site4_plot_1",2004,"c0bd1a1f-d64f-4756-9be9-3607e3f0f7b7"
"Setesdal_site4_plot_3",2004,"2ebebdf7-05cb-49d5-9bc5-17817fce2117"
"Setesdal_site4_plot_6",2004,"c791293c-0e6e-41f4-b40c-a610a7341b5d"
"Setesdal_site4_plot_8",2004,"8a001bf1-01fc-4eee-9719-8fa26981428f"
"Setesdal_site4_plot_9",2004,"f72827e0-aae5-45ce-b7d9-e9d80d373ee0"
"Setesdal_site4_plot_10",2004,"afbbc24f-bbc1-467b-a592-446e6e3000f2"
"Setesdal_site4_plot_11",2004,"e9ee56fd-7ceb-4a16-b599-a5c626dbfcf5"
"Setesdal_site4_plot_12",2004,"e37c5bd1-0e95-4889-aaf7-369ebf4434fd"
"Setesdal_site4_plot_13",2004,"b682d2cb-0a4a-41ef-a82e-6d17686d5f38"
"Setesdal_site4_plot_14",2004,"d35c4d74-244a-42c4-9a25-ca6788b3f6e0"
"Setesdal_site4_plot_15",2004,"e9f9ef3f-d5d1-4e56-9be5-10314b226ec1"
"Setesdal_site4_plot_16",2004,"110f9d10-2503-44ae-a282-bb8cc92161fb"
"Setesdal_site4_plot_18",2004,"aea235d7-f4db-4f20-a881-9ec9f4499fc6"
"Setesdal_site4_plot_20",2004,"cef4144f-2d77-45e2-80f1-a6ceb7eaa5fe"
"Setesdal_site5_plot_4",2004,"b94c82a2-91a1-451d-b5ad-998870b31048"
"Setesdal_site5_plot_10",2004,"ff67ef5d-ce55-4b57-9ac6-52e80138b17a"
"Setesdal_site5_plot_19",2004,"0af0eba4-533d-484d-9e2b-9bd249427f69"
"Setesdal_site6_plot_2",2004,"fb21987f-bfc2-4cdd-87ed-66ae2c7ad6d3"
"Setesdal_site6_plot_4",2004,"1d371080-e071-4064-befa-c039118b0e25"
"Setesdal_site6_plot_8",2004,"d30b82f9-c26a-4476-aad8-3730e5ec414b"
"Setesdal_site6_plot_14",2004,"ef4231bc-80a8-4221-aaf8-7fa0920859e9"
"Setesdal_site7_plot_6",2004,"4c760134-a309-429e-8148-08461a31fd55"
"Setesdal_site7_plot_14",2004,"9aba88d3-ebce-4c12-8301-ab02a24b0b87"
"Setesdal_site7_plot_15",2004,"725596ce-3d4d-469d-8501-9d8688ba8fb0"
"Setesdal_site8_plot_8",2004,"bdd22318-a996-4ff9-af6b-f00f89671299"
"Setesdal_site9_plot_1",2004,"8562dae8-4850-475e-9535-85c8f145e5d5"
"Setesdal_site9_plot_4",2004,"1e083edf-05b0-4ac0-a1f5-370d88673fae"
"Setesdal_site9_plot_5",2004,"d58c177e-e2ac-4875-80c6-21b1114e7e5c"
"Setesdal_site9_plot_18",2004,"cf672ab1-5628-463a-a843-e161f2c5275f"
"Setesdal_site10_plot_1",2004,"1e22b756-e35e-473f-86a5-acd94b0a9ee4"
"Setesdal_site10_plot_2",2004,"243bd88b-6126-4d9b-a0a3-f1ee3751a438"
"Setesdal_site10_plot_3",2004,"9c5ea64a-a056-4305-ba4f-55a167dbced8"
"Setesdal_site10_plot_5",2004,"08d2692c-8738-4e23-a831-bc1b06cceee9"
"Setesdal_site10_plot_6",2004,"2823d378-6e56-40d1-8843-a255772a4fe6"
"Setesdal_site10_plot_7",2004,"0c88632a-2da9-4600-ad66-fb425ec38c37"
"Setesdal_site10_plot_8",2004,"e8193c22-97bd-413d-ab74-ec7c72535eeb"
"Setesdal_site10_plot_10",2004,"b6ab481f-3bbb-47f7-83fd-eab19008e99b"
"Setesdal_site10_plot_11",2004,"5a5f5373-8760-4cf0-9aec-153b95d00cf8"
"Setesdal_site10_plot_12",2004,"f4618a42-4678-4368-b778-1b9eedabccd1"
"Setesdal_site10_plot_13",2004,"491f2624-ea0f-45f2-b71a-65d60d2b2602"
"Setesdal_site10_plot_14",2004,"486626e5-5f95-47ba-9f37-7346029aed59"
"Setesdal_site10_plot_15",2004,"d6b1cb9e-9b25-4237-ad1a-6596eaab1309"
"Setesdal_site10_plot_17",2004,"44759f92-0d02-4ebd-a7ef-f112ac00ae28"
"Setesdal_site10_plot_19",2004,"d727aa9a-0c02-4d06-8263-b3afd711823e"
"Setesdal_site10_plot_20",2004,"ec36368b-a841-4c95-a887-66d16769a163"
"Setesdal_site1_plot_1",2006,"f110b73f-2ddf-4e26-890b-3596ce0d8c3b"
"Setesdal_site1_plot_2",2006,"dd160969-e259-44a9-92d2-16829b2858b4"
"Setesdal_site1_plot_3",2006,"af2d1d70-e108-4ceb-a303-9b30361b14dd"
"Setesdal_site1_plot_4",2006,"8b40f08d-d9b1-4102-ae1a-575407abee3a"
"Setesdal_site1_plot_5",2006,"4f2982f4-2c2e-4c64-8121-bace9763ac4c"
"Setesdal_site1_plot_7",2006,"3571e758-8513-4998-b1f2-9bcf934435f6"
"Setesdal_site1_plot_8",2006,"86ea679f-bc97-4f37-8e2e-eddea1be8f24"
"Setesdal_site1_plot_9",2006,"222331c7-eee2-40d8-ab7c-60c122e0c6dd"
"Setesdal_site1_plot_10",2006,"b6278533-7041-4fb0-8906-c698e633bfd3"
"Setesdal_site1_plot_11",2006,"a1aa1eb5-9054-4636-9449-f44947a662c9"
"Setesdal_site1_plot_14",2006,"f631a11f-5633-4ca4-903d-c0e35bbca5c3"
"Setesdal_site1_plot_19",2006,"89af5a3e-9d40-4aa4-babc-6da3f3dda4fb"
"Setesdal_site1_plot_20",2006,"8cdcfcc1-489f-484f-bf6e-aa657473ed05"
"Setesdal_site2_plot_3",2006,"a151c75f-1458-43a9-80c6-9b925672ecea"
"Setesdal_site2_plot_8",2006,"61700dc4-f1df-444d-8a16-490ce7b73f38"
"Setesdal_site4_plot_1",2006,"cf9e7529-78ad-4afc-b5b6-3f55f9259485"
"Setesdal_site4_plot_3",2006,"bd1e481b-c03d-43f1-9e5c-49a3ce6dc24b"
"Setesdal_site4_plot_6",2006,"55569a30-1a16-475b-87c8-9475847ca691"
"Setesdal_site4_plot_8",2006,"11ee054c-c476-4c21-a17f-e0fa9207c146"
"Setesdal_site4_plot_9",2006,"d67ccb0a-6c5e-49a9-9ada-5d0785beb8f2"
"Setesdal_site4_plot_10",2006,"07790b65-a2ed-4466-a2ee-e99a0474054d"
"Setesdal_site4_plot_11",2006,"d6851134-6d05-4613-8151-2a49ccf1be2b"
"Setesdal_site4_plot_12",2006,"e2c1e313-2128-4e38-b3da-8b39d36c12d3"
"Setesdal_site4_plot_13",2006,"55d4b3b8-2497-421c-94f2-9dd4d61fb25a"
"Setesdal_site4_plot_14",2006,"113ec149-df48-48dd-b9ff-22830017174d"
"Setesdal_site4_plot_15",2006,"e770f4d8-8572-4edf-8a8b-0f64545c0590"
"Setesdal_site4_plot_16",2006,"11344963-6e1c-4fff-8b0c-61a76fa4eabe"
"Setesdal_site4_plot_18",2006,"b635d001-b5c2-4f40-b9f3-606df780a5df"
"Setesdal_site4_plot_20",2006,"63d45dc3-bce4-4e54-ab81-c49db74668d3"
"Setesdal_site5_plot_1",2006,"29e69e51-6ac5-4cfc-b063-dea46bd759b4"
"Setesdal_site5_plot_4",2006,"7a19f006-906e-45c5-994c-f5b28c05f140"
"Setesdal_site5_plot_10",2006,"fa10982d-5d29-4278-9714-96a2f12f1069"
"Setesdal_site5_plot_19",2006,"2c7566f1-6bee-4b79-b614-b7a4c56bbfa0"
"Setesdal_site6_plot_2",2006,"c5dc2c2d-a8ac-4acb-b0ef-7c2a5010ef1c"
"Setesdal_site6_plot_4",2006,"64143913-cdb1-4afa-8dd7-fd09b43509c3"
"Setesdal_site6_plot_8",2006,"63c2b74c-ad74-4778-932e-ad6ba8901fd4"
"Setesdal_site6_plot_14",2006,"eeafd7e5-7605-4fed-82f9-9e1988e18594"
"Setesdal_site7_plot_6",2006,"6b7d26b3-bf42-4ad5-a58d-84a17413ee41"
"Setesdal_site7_plot_14",2006,"50f0f5e7-66a0-4835-bd8c-cfeadd177ca7"
"Setesdal_site7_plot_15",2006,"71085d20-1e22-4ea6-b574-1ba6729f89a0"
"Setesdal_site8_plot_8",2006,"d8531efe-ac46-4a7c-b805-03f48c01f234"
"Setesdal_site9_plot_4",2006,"1a8e6e57-5153-4041-af24-a566f271fbb4"
"Setesdal_site9_plot_18",2006,"5d5652d7-ec16-4afa-bf57-abbd7864f6bb"
"Setesdal_site10_plot_1",2006,"0de53e97-2fea-4d7f-88bf-cfc834d2213a"
"Setesdal_site10_plot_2",2006,"8158faa0-c21c-4743-b674-9d92d9d7540b"
"Setesdal_site10_plot_3",2006,"ee149dec-d6a8-4603-9f68-c6d7bdc25e84"
"Setesdal_site10_plot_5",2006,"9ef61843-91b6-428f-a36a-a9537c12525d"
"Setesdal_site10_plot_6",2006,"3a834fa8-1158-49b1-85f7-69185fb494f7"
"Setesdal_site10_plot_7",2006,"2e7ae379-af06-466b-a81f-f1cc923d79ca"
"Setesdal_site10_plot_8",2006,"45f2720c-905c-4ff4-9649-ff73dbdb4d68"
"Setesdal_site10_plot_10",2006,"ae0fe5e9-c701-4c7e-90cf-be831d507d29"
"Setesdal_site10_plot_11",2006,"04010405-1604-4ac4-9bed-207e0419f786"
"Setesdal_site10_plot_12",2006,"fb08fd06-062d-4b7d-9051-41b0536dece8"
"Setesdal_site10_plot_13",2006,"fcebcf29-6cc7-4a35-8998-34a866d5eb3f"
"Setesdal_site10_plot_14",2006,"b53b0adc-3ebc-462a-bbbf-478a17eb4543"
"Setesdal_site10_plot_15",2006,"a413e274-9b92-432f-90bf-6e85737c8e67"
"Setesdal_site10_plot_17",2006,"120c73c0-0df0-4d4b-93e9-e12ae413e8e8"
"Setesdal_site10_plot_19",2006,"1691d39d-12ed-4fd9-9e28-9abfb22313fc"
"Setesdal_site10_plot_20",2006,"51e00297-db0b-4b14-b6a5-badc85a66047"
"Setesdal_site1_plot_1",2008,"c751f15e-6cd0-47ac-bf02-748fece47ae7"
"Setesdal_site1_plot_2",2008,"e845cd80-07dc-4011-a9ea-568e6899f590"
"Setesdal_site1_plot_3",2008,"747ce2d5-e0c7-46a7-8d39-71bb1f5029a2"
"Setesdal_site1_plot_4",2008,"8a8bd0f9-e1da-4a57-b594-ca34904f85b5"
"Setesdal_site1_plot_5",2008,"f019a8c3-701e-4b30-a173-8c927456b8ac"
"Setesdal_site1_plot_7",2008,"f69d508d-baa7-4642-93d4-cb36e30d009c"
"Setesdal_site1_plot_8",2008,"7ee50201-6285-4b4f-bcfd-f9360165f978"
"Setesdal_site1_plot_9",2008,"c361af90-2bbc-4518-9b36-88d6f65cd74f"
"Setesdal_site1_plot_10",2008,"24be02fb-efae-497a-877b-06b4cd9db227"
"Setesdal_site1_plot_19",2008,"1a362fb3-62af-4193-ad8b-dccadecddfec"
"Setesdal_site1_plot_20",2008,"5e8a9ca0-3b4e-47a5-8e0e-b86d484857e9"
"Setesdal_site2_plot_1",2008,"6936d892-9663-499f-a36c-8fb212fc860e"
"Setesdal_site2_plot_3",2008,"31c96283-602a-4392-8996-5343684ef1f4"
"Setesdal_site2_plot_7",2008,"781ce67f-a23d-49fb-b4ba-6150790041bb"
"Setesdal_site2_plot_8",2008,"4be19fc0-c79d-4924-be6d-1c49915711e7"
"Setesdal_site4_plot_1",2008,"0de765e7-b573-4b2b-9b9b-d8800ca88c3a"
"Setesdal_site4_plot_3",2008,"26f2aec2-cad6-4fa0-b0fe-611be050b011"
"Setesdal_site4_plot_6",2008,"ccae3974-b4ff-4793-91ac-406adc4c77b4"
"Setesdal_site4_plot_8",2008,"68451599-5198-43e6-908d-efb1dc9b4c7f"
"Setesdal_site4_plot_10",2008,"1e425108-6f00-4434-84c3-37d2328b5d97"
"Setesdal_site4_plot_11",2008,"a67d5320-2b19-4b66-9a65-c9be6929c653"
"Setesdal_site4_plot_12",2008,"baa4092c-708e-4800-a8a1-4e592e62c9de"
"Setesdal_site4_plot_13",2008,"c03e294e-0f6d-47c0-ab8d-dce2b2d67b04"
"Setesdal_site4_plot_14",2008,"e33e06ed-0084-4e29-9b90-6b6ae1f325cb"
"Setesdal_site4_plot_15",2008,"74b91365-c031-44f4-a77d-71fbc30b2744"
"Setesdal_site4_plot_16",2008,"094f9caa-dd45-4a7c-a987-a042591e4801"
"Setesdal_site4_plot_18",2008,"a521ccc0-8561-433a-9c40-069097069c04"
"Setesdal_site4_plot_20",2008,"5a176ba9-e6e4-455b-996e-578786d02a17"
"Setesdal_site5_plot_4",2008,"09a7b966-d50e-4159-9a50-5f235991a3b2"
"Setesdal_site5_plot_10",2008,"b4c2e7f1-498a-47f1-9dbf-ff229e4a1706"
"Setesdal_site5_plot_19",2008,"9842b753-50c2-4173-be1d-28a5e335d027"
"Setesdal_site6_plot_2",2008,"117f53c2-6309-46cc-b32f-39b59a2ddb85"
"Setesdal_site6_plot_3",2008,"d3125a2b-f0e7-474e-bd6b-b6db483dd88a"
"Setesdal_site6_plot_4",2008,"a4cc2351-65b4-435e-bcac-1faddcca38f1"
"Setesdal_site6_plot_8",2008,"ba457807-f7cd-49c1-8e6e-be9f9629ef0d"
"Setesdal_site6_plot_14",2008,"228f1574-0dd2-40bc-8a50-cb28dbc5d450"
"Setesdal_site7_plot_6",2008,"e4d883e5-e176-42d4-b38c-ec1d5cc3902d"
"Setesdal_site7_plot_8",2008,"a9ac690b-0ee4-4240-8ce7-c4a9b32e397a"
"Setesdal_site7_plot_14",2008,"73037979-c34d-4287-b96b-b9f45d920080"
"Setesdal_site7_plot_15",2008,"949307b9-5d8d-47f7-b993-c09867071284"
"Setesdal_site8_plot_8",2008,"28664dd9-86b0-4a95-9d40-83e7ae4f9461"
"Setesdal_site9_plot_1",2008,"ef1a3567-abb1-488f-9d44-3512f7c5dad6"
"Setesdal_site9_plot_4",2008,"a6b46fb3-a687-446f-9502-c1d93c91df3c"
"Setesdal_site9_plot_18",2008,"523d9b2c-bec0-4e47-a6cd-4f17da0894c4"
"Setesdal_site10_plot_1",2008,"d04815ee-1367-4fc8-aabb-5b086c28b572"
"Setesdal_site10_plot_2",2008,"3137e602-ea4f-45f0-92eb-42572524b754"
"Setesdal_site10_plot_3",2008,"12998b3f-f010-42f9-8d19-fbab49682296"
"Setesdal_site10_plot_5",2008,"68238d9d-6a3a-4ef0-992e-0cc2291bed1b"
"Setesdal_site10_plot_6",2008,"8823dbf1-9daf-4a28-826f-b501788220b0"
"Setesdal_site10_plot_7",2008,"8804bc39-30ab-4207-993b-d4e9e7f44e73"
"Setesdal_site10_plot_8",2008,"1e6a566a-0b81-48c1-b135-e6b4157330c2"
"Setesdal_site10_plot_10",2008,"7dfdf12a-f8ff-4115-a6c9-f559d60c93d1"
"Setesdal_site10_plot_11",2008,"f2505609-3050-4b16-93df-fe779c80feac"
"Setesdal_site10_plot_12",2008,"cc8df22a-7f1c-431c-aa15-740188c8566f"
"Setesdal_site10_plot_13",2008,"08811128-4e59-4ed7-93a8-a2a9112ff52f"
"Setesdal_site10_plot_14",2008,"88052776-772f-4735-b33e-221664251bac"
"Setesdal_site10_plot_15",2008,"d6992f0c-2a87-4161-8f8c-4fd77a57fc2d"
"Setesdal_site10_plot_17",2008,"12c7c6b9-982e-4224-8b1a-9d1fb68b3f82"
"Setesdal_site10_plot_19",2008,"4402bd14-1952-4f06-b29c-1fe538d8333d"
"Setesdal_site10_plot_20",2008,"bc6659bc-5225-4292-9080-ad155649d317"
"Setesdal_site1_plot_1",2010,"a2f6b736-83c1-43ce-9c0f-347f4cc0e323"
"Setesdal_site1_plot_2",2010,"0fe1ff11-6583-4167-b835-87751f0702c8"
"Setesdal_site1_plot_3",2010,"8445baa2-963c-4cdf-bef9-6cf8f253ba2c"
"Setesdal_site1_plot_4",2010,"536026c3-ac73-48e7-b1e0-e663870d048b"
"Setesdal_site1_plot_5",2010,"acffd7bd-e9de-4381-a77c-8e19930cd926"
"Setesdal_site1_plot_7",2010,"11b4807a-ada2-45a8-a783-9dcd54e9ec7a"
"Setesdal_site1_plot_8",2010,"37c10d69-76f3-4790-8f5b-882367bd9682"
"Setesdal_site1_plot_9",2010,"0cebd500-57a3-4bbd-a89a-3e82ed0f547b"
"Setesdal_site1_plot_10",2010,"daad4302-f666-4892-b18f-26e83b408e40"
"Setesdal_site1_plot_11",2010,"639164d7-2ae1-465c-abef-7603d4f008c5"
"Setesdal_site1_plot_12",2010,"9031f3f7-1aee-4601-a5c4-f873e11eef06"
"Setesdal_site1_plot_14",2010,"2120d889-a50a-4016-bd96-0649eb67c742"
"Setesdal_site1_plot_19",2010,"e1383d75-01a2-41a4-a936-d2b18028491c"
"Setesdal_site1_plot_20",2010,"96aaca07-afc5-4dc9-8f3c-81cc0b12850d"
"Setesdal_site2_plot_1",2010,"6444fb8c-56c1-4b31-b419-4ef3339edd47"
"Setesdal_site2_plot_3",2010,"c8fe8b15-734c-4661-9dd3-6b37418c2eb3"
"Setesdal_site2_plot_8",2010,"c0c626f2-bcbb-46d7-8ded-f0c2eac67250"
"Setesdal_site4_plot_1",2010,"52134e48-dd86-487a-9c3c-c442e5345517"
"Setesdal_site4_plot_3",2010,"d145b77a-3eb6-4878-b635-2344be16bc34"
"Setesdal_site4_plot_6",2010,"d48f9902-223b-4d5a-92c0-5896496e28d3"
"Setesdal_site4_plot_8",2010,"2c8fec96-45cc-4d64-80e4-f4615b311c93"
"Setesdal_site4_plot_10",2010,"0241b9c3-9952-4ddc-9142-5e03a4f40835"
"Setesdal_site4_plot_11",2010,"2dcb30b6-c4f1-49be-8a3a-ada3f9528d3c"
"Setesdal_site4_plot_12",2010,"95635682-6028-49b6-89c5-247585c72b74"
"Setesdal_site4_plot_13",2010,"45e60b7f-0041-4029-a15c-a1929d96443e"
"Setesdal_site4_plot_14",2010,"261499c9-0e41-4c27-a447-6a3a969692a3"
"Setesdal_site4_plot_15",2010,"31adb49d-a090-4ae1-a54f-97714552b770"
"Setesdal_site4_plot_16",2010,"a8acb8fb-33e9-49c6-b505-d9ad59d5899e"
"Setesdal_site4_plot_18",2010,"3467a734-bb42-4abf-96d8-af640de75c86"
"Setesdal_site4_plot_19",2010,"a3b4c9d6-2e23-4742-bcf2-a85478c2b4e0"
"Setesdal_site4_plot_20",2010,"b46a8fed-ebe0-45df-bd83-f142e6ee28eb"
"Setesdal_site5_plot_4",2010,"e92ac93e-4052-4011-91e8-c6c4af05d53f"
"Setesdal_site5_plot_10",2010,"11701c2b-b9c8-42e0-a6e3-7feec58d8780"
"Setesdal_site5_plot_19",2010,"a134468e-83e9-4c8b-a941-892e087d316d"
"Setesdal_site6_plot_2",2010,"51ea1def-4b4b-470c-904c-265572c70825"
"Setesdal_site6_plot_3",2010,"02880f5b-1554-426e-8297-25a292d1f4d9"
"Setesdal_site6_plot_4",2010,"a1d93461-fd30-422d-8718-6f6e7a748436"
"Setesdal_site6_plot_8",2010,"5ceee66f-939b-4f17-8cf5-be29d653e2b6"
"Setesdal_site6_plot_14",2010,"58a8e4b1-9f8b-4dd0-8c81-77a9494979a4"
"Setesdal_site7_plot_6",2010,"8ea26918-5880-4f5a-9ebf-a44b48e74a22"
"Setesdal_site7_plot_14",2010,"862bf73e-29ac-42a0-819e-f66a361748ee"
"Setesdal_site7_plot_15",2010,"b68482ad-a58c-45a6-9198-2ce171d98fce"
"Setesdal_site8_plot_8",2010,"86dd919b-06d7-4c9d-bd70-d5cd07ded92c"
"Setesdal_site9_plot_1",2010,"01ee0405-cdb4-4d9e-bc03-61708c06a425"
"Setesdal_site9_plot_4",2010,"b0e5dbb5-d443-4887-9527-1b58edfe6f58"
"Setesdal_site9_plot_5",2010,"8098f69e-15af-45df-a52f-8c31fcb2052f"
"Setesdal_site10_plot_1",2010,"4265a120-0a01-47a1-ae3a-67bb085a67a6"
"Setesdal_site10_plot_2",2010,"b9b73250-4838-4987-80c8-99fed5e2b5bc"
"Setesdal_site10_plot_3",2010,"06db97ec-1306-4841-a9bd-d7fe22eaa653"
"Setesdal_site10_plot_5",2010,"3eabca39-7672-4574-8a73-8b487568a156"
"Setesdal_site10_plot_6",2010,"12d3227e-5f43-4d12-821c-09d99c31ef98"
"Setesdal_site10_plot_7",2010,"754e9e12-bef1-4c9f-9d4e-5e7beaeba856"
"Setesdal_site10_plot_8",2010,"9a0c39e5-090e-43b1-9966-632ab418930e"
"Setesdal_site10_plot_10",2010,"61bc0b6c-71ef-40b0-92aa-819d2ba5cb8b"
"Setesdal_site10_plot_11",2010,"5e742ba6-aad9-4dc8-977c-81b3ff48ef25"
"Setesdal_site10_plot_12",2010,"0df3f80a-c5a4-4a56-b8f6-0b7b4db249ab"
"Setesdal_site10_plot_13",2010,"99c38943-a4ff-4fb6-b603-ab6b4f898437"
"Setesdal_site10_plot_14",2010,"2c9dd544-1603-40a8-bcfd-6dcfc8bf1e3d"
"Setesdal_site10_plot_15",2010,"dfabb1bc-1ebf-46f4-a8bf-ea88af0b2c1a"
"Setesdal_site10_plot_17",2010,"e7f19310-9358-477b-9ce7-8f4d5d576a1a"
"Setesdal_site10_plot_19",2010,"6df93136-fc24-42d7-9611-06694e8f4218"
"Setesdal_site10_plot_20",2010,"92427331-8626-4921-9167-e016acfeab9c"
"Setesdal_site1_plot_1",2012,"50645ca3-bbb6-4593-a1f2-fa7bcd00f5fb"
"Setesdal_site1_plot_2",2012,"4c6f21dc-80bb-47f6-826a-4e58d8939259"
"Setesdal_site1_plot_3",2012,"993deb4a-190b-4715-8597-d52f71180cb6"
"Setesdal_site1_plot_4",2012,"a5276271-0074-4e66-b178-5c4c494c8a35"
"Setesdal_site1_plot_5",2012,"1c27e256-f578-4e05-8969-3a83dd50c748"
"Setesdal_site1_plot_7",2012,"390bc0a4-3d7e-40b3-a5b8-7959992a99b7"
"Setesdal_site1_plot_8",2012,"641f9c86-68fb-4163-98a2-33bcd2c31f82"
"Setesdal_site1_plot_9",2012,"b6cde3be-05b9-453e-beb1-db9f990fe58e"
"Setesdal_site1_plot_10",2012,"9d537f5c-11b8-4902-ba07-e01f33c173a9"
"Setesdal_site1_plot_11",2012,"5d224d08-b9c5-4242-848c-372554266361"
"Setesdal_site1_plot_12",2012,"b30d4416-64e3-4e86-8416-af36b8af2ec9"
"Setesdal_site1_plot_14",2012,"6444e966-3898-4388-93f2-9f5ef86acfe0"
"Setesdal_site1_plot_19",2012,"95ba7ddc-4083-434a-a2d3-3b11db0a5809"
"Setesdal_site1_plot_20",2012,"8a38561d-839f-4a20-870d-d105d9b52534"
"Setesdal_site2_plot_1",2012,"ce6ca3a3-0f70-47d8-91c3-ea20e29fa148"
"Setesdal_site2_plot_3",2012,"5ce2e29f-e6b1-4bbb-85a4-02f06b5d0938"
"Setesdal_site2_plot_7",2012,"c3b5e66c-5923-412f-a310-587a9e082140"
"Setesdal_site2_plot_8",2012,"2da00ead-aeba-4fd9-94b6-31c5e9b0fe05"
"Setesdal_site4_plot_1",2012,"71e86d4d-94e3-4d3e-89d3-57b2d379af1e"
"Setesdal_site4_plot_3",2012,"a49bee4f-1672-425e-af5d-8646ece5c9cd"
"Setesdal_site4_plot_6",2012,"e7749800-f4cc-4bd0-a873-389825ae824c"
"Setesdal_site4_plot_8",2012,"b0996fd2-7971-4086-9c69-4651eca6e74d"
"Setesdal_site4_plot_10",2012,"a01939c8-78ac-425a-a564-9e06a7be326b"
"Setesdal_site4_plot_11",2012,"e11f240d-193a-45b4-8acc-9ec77d86574f"
"Setesdal_site4_plot_12",2012,"bc236d25-672e-4e9b-af33-47597f992562"
"Setesdal_site4_plot_13",2012,"fc007e99-9121-4458-a1b4-e5a584f1d1d7"
"Setesdal_site4_plot_14",2012,"daff3fc5-8f93-459e-ae53-4bc14a0943d3"
"Setesdal_site4_plot_15",2012,"266b33bb-fe15-4b64-a425-45544e8042e6"
"Setesdal_site4_plot_16",2012,"d9658251-cac9-4394-b1e7-1509f8b89ede"
"Setesdal_site4_plot_18",2012,"79576def-b77c-44fe-8106-97cbd1f6e3aa"
"Setesdal_site4_plot_19",2012,"148cb33e-6571-431f-bdac-f6938f27a96e"
"Setesdal_site4_plot_20",2012,"99da74b7-a596-4314-9ddb-eecdf3239fbb"
"Setesdal_site5_plot_4",2012,"6fd49fba-97a2-4421-b06b-465c0cda3ba2"
"Setesdal_site5_plot_10",2012,"570fead8-6e05-42bc-bd2e-7eb05744b127"
"Setesdal_site5_plot_19",2012,"f8c30e6f-7573-4556-8828-24d7a3683ee2"
"Setesdal_site6_plot_2",2012,"e70e7ee9-8d51-426b-81a7-867e62134c80"
"Setesdal_site6_plot_4",2012,"a5d67652-5418-4e98-ad5d-a8f42ad88126"
"Setesdal_site6_plot_8",2012,"55f1c302-000e-4b49-9d66-1cc4d510ccba"
"Setesdal_site6_plot_14",2012,"7560fac4-4db0-405e-9fe3-dbc7975b9bed"
"Setesdal_site7_plot_6",2012,"c700662c-0116-4cbf-a71b-2f5d29197406"
"Setesdal_site7_plot_14",2012,"2c0c36dd-70d8-47ad-a4c0-6317aa58f994"
"Setesdal_site7_plot_15",2012,"a6f23141-40e2-4d46-a079-2c39532d0f06"
"Setesdal_site8_plot_8",2012,"6491f01d-7800-44dc-86e5-ba6bb36b037a"
"Setesdal_site9_plot_1",2012,"bf7353a2-81df-42d6-824c-2878c9ea652f"
"Setesdal_site9_plot_4",2012,"533366ed-d6b7-42b6-9ed0-ba0343395d98"
"Setesdal_site9_plot_18",2012,"b8c1a327-53e7-4110-9e48-15a46d5c6195"
"Setesdal_site10_plot_1",2012,"7ac67be9-4cbd-4fb7-a8e5-1e80689fd7bd"
"Setesdal_site10_plot_2",2012,"4ffe041d-8205-45c1-8f48-ebb6e64dad1e"
"Setesdal_site10_plot_3",2012,"8fa8e4c2-4e77-424c-98f0-c9418c79ebc8"
"Setesdal_site10_plot_5",2012,"471ffc61-cbe0-4a53-bb28-84da71b260a0"
"Setesdal_site10_plot_6",2012,"2562aa28-51ad-4681-b720-f476212099e5"
"Setesdal_site10_plot_7",2012,"30f8c2be-14db-42a7-9619-e190968d4957"
"Setesdal_site10_plot_8",2012,"0d248368-6ffd-4995-9019-28dcc9f42ce2"
"Setesdal_site10_plot_10",2012,"c5fe99f7-4713-4843-8fea-724afa7eeab4"
"Setesdal_site10_plot_11",2012,"a2c372b7-e89b-4d3b-9899-da867255b0be"
"Setesdal_site10_plot_12",2012,"10cc5a6d-4121-44df-bb06-37d80b76e6f9"
"Setesdal_site10_plot_13",2012,"8b7725fe-bec1-45ab-8dbb-2d40c50b511d"
"Setesdal_site10_plot_14",2012,"3c7804e1-4ab4-40b4-8de1-f8897917917c"
"Setesdal_site10_plot_15",2012,"99b14fb1-592c-4168-9e4d-3c5f7b69d7c3"
"Setesdal_site10_plot_17",2012,"f1d0338f-2730-40b7-a0ad-4ebe38e5c368"
"Setesdal_site10_plot_19",2012,"21a312b0-0811-428b-8481-ac0567e3fae0"
"Setesdal_site10_plot_20",2012,"0e177f91-0bf3-43c1-85c1-246b346e1f92"
"Setesdal_site2_plot_6",2000,"6e658797-0c7a-4063-8d74-aa76de63b290"
"Setesdal_site3_plot_4",2000,"ca6d5b32-a01c-4d13-997b-d27e84de8cae"
"Setesdal_site3_plot_5",2000,"0af953a1-4556-4c9d-a176-5c532829cb5e"
"Setesdal_site5_plot_3",2000,"76132d05-27b1-40c5-bdaa-24ccb53cc631"
"Setesdal_site5_plot_5",2000,"5f291575-9e85-477f-b59d-469387bd54f7"
"Setesdal_site5_plot_7",2000,"a9db8e92-70eb-487d-8b29-4c3d5fcfc549"
"Setesdal_site5_plot_8",2000,"21b3c712-d8d7-4169-8d6d-646ef050ed65"
"Setesdal_site5_plot_9",2000,"3e4c7f30-843d-4be5-bb0b-80d9f82933b8"
"Setesdal_site5_plot_11",2000,"17ab702d-214a-4dc7-8bc4-e30145a28478"
"Setesdal_site5_plot_12",2000,"cf60a7e6-7281-4dad-9af3-f33f23cd4c21"
"Setesdal_site5_plot_14",2000,"545465d8-34b4-42fb-88ae-d2da7a1d5236"
"Setesdal_site5_plot_15",2000,"ec53e0d6-4fb1-43c4-8d61-8b97f65a236c"
"Setesdal_site6_plot_12",2000,"265b3967-b63d-47c2-afe7-c6dcdd21db6c"
"Setesdal_site6_plot_13",2000,"85f65506-ae2e-4081-99a5-6c95f9c48520"
"Setesdal_site6_plot_16",2000,"da880f9e-f179-4a2a-9a08-bef08427eba7"
"Setesdal_site6_plot_17",2000,"59988e82-dce3-4121-813a-4cadf38716eb"
"Setesdal_site6_plot_19",2000,"87175160-31c4-4bd9-a776-f29bd1f9d194"
"Setesdal_site7_plot_1",2000,"62eaf2e8-da3c-419c-a729-1724dd9b17d5"
"Setesdal_site7_plot_3",2000,"c36aeb17-6385-4c55-9925-3c72a126235b"
"Setesdal_site7_plot_4",2000,"310e1990-f47f-4c97-b052-f6de63200716"
"Setesdal_site7_plot_5",2000,"1e937dcf-ff38-4773-be07-95034218a746"
"Setesdal_site7_plot_8",2000,"a8c35627-eefc-483b-88c4-c581c73fbce6"
"Setesdal_site7_plot_9",2000,"50fb5cf0-e568-4eff-8cef-a20eaf343310"
"Setesdal_site7_plot_10",2000,"d513c2ac-9524-4522-ace2-f15e4db2ea55"
"Setesdal_site7_plot_11",2000,"bb292550-9e1f-445a-9907-022dc58199cf"
"Setesdal_site7_plot_12",2000,"e78c64ee-9a4c-4f94-be07-5bec9f4d76ae"
"Setesdal_site7_plot_13",2000,"f0a6a758-5510-49c0-9157-eba0fffc921b"
"Setesdal_site7_plot_16",2000,"1e358e01-8fdd-411f-84dd-45e70e86d438"
"Setesdal_site7_plot_17",2000,"b4460c54-7a53-4964-a7aa-1836751915a0"
"Setesdal_site7_plot_19",2000,"e4dbb62f-b787-4661-80da-283eee912874"
"Setesdal_site8_plot_3",2000,"3f7ccc56-04a8-422f-8be2-a9dbda2acf52"
"Setesdal_site8_plot_11",2000,"74b7626c-d723-4593-9daa-2743f5df9de0"
"Setesdal_site8_plot_19",2000,"27949692-9c5c-4877-ae0e-9d7234346c1b"
"Setesdal_site9_plot_6",2000,"c788d230-4a34-469b-9218-9aed029d0f53"
"Setesdal_site9_plot_7",2000,"818ba91e-2dd6-4745-b459-92ce035aef1a"
"Setesdal_site9_plot_11",2000,"edbd7ef5-7114-4941-b9c3-22eed0fac47f"
"Setesdal_site9_plot_12",2000,"eb3dc495-1347-4846-a813-68a52ba96cd6"
"Setesdal_site9_plot_13",2000,"ec61fd40-db63-4990-b776-65d6f3ca0970"
"Setesdal_site9_plot_14",2000,"ba93dc0a-1c7a-450f-b409-24a3e263d5af"
"Setesdal_site9_plot_15",2000,"61e7db8c-8bf7-456a-8834-160183646aa7"
"Setesdal_site9_plot_17",2000,"e33481ce-04f9-4952-84b2-a0b057b937a3"
"Setesdal_site9_plot_20",2000,"b8f46352-8ff0-45b8-8450-041a8eb7a3a3"
"Setesdal_site10_plot_4",2000,"04cad84f-f4ae-4990-9f2f-dba7cf55b074"
"Setesdal_site10_plot_9",2000,"c6cf74bd-eeeb-4796-a99d-000a6ba600fb"
"Setesdal_site10_plot_16",2000,"db4d5422-97e5-40bf-84ee-a87d70cd0272"
"Setesdal_site2_plot_1",2002,"0ef0b6b4-70e6-45e3-9653-59781f2a1f51"
"Setesdal_site2_plot_19",2002,"22d5ef5b-2ff5-4a44-9cce-c3a37da75224"
"Setesdal_site3_plot_4",2002,"2af5a6ac-b725-4889-8dd3-9a8fddb5fc9e"
"Setesdal_site3_plot_5",2002,"f169b88c-8e82-464f-ac16-e4c99d1d7fdc"
"Setesdal_site3_plot_11",2002,"c41b9080-18ab-4534-86bc-9f5bfb86e8e9"
"Setesdal_site5_plot_2",2002,"a871e7ff-a3be-4097-bac9-22e2a0b11dbb"
"Setesdal_site5_plot_3",2002,"7906096a-8375-4b66-8273-c9b95c780b8a"
"Setesdal_site5_plot_5",2002,"f4cfb4bb-58e2-4fa0-bf84-22ad9f752500"
"Setesdal_site5_plot_7",2002,"c07357dc-2cf1-4e84-a703-76c1b73d9592"
"Setesdal_site5_plot_8",2002,"b1c88dbf-c186-453d-984c-12d0e38047a7"
"Setesdal_site5_plot_9",2002,"e75cbd08-f803-44ac-82c8-ee497f72cbbc"
"Setesdal_site5_plot_11",2002,"f4b67580-7e20-4469-a047-0f07bc411b10"
"Setesdal_site5_plot_13",2002,"4e383fc6-3cee-4e1b-a38e-173e3d462dad"
"Setesdal_site5_plot_15",2002,"46f9889c-a859-4e76-9742-641b70d10d87"
"Setesdal_site6_plot_3",2002,"f28319d0-74f9-4137-8522-791afbabb8e1"
"Setesdal_site6_plot_12",2002,"5f8700be-54f1-4526-8264-39911f986db7"
"Setesdal_site6_plot_13",2002,"1124d105-7ec0-440d-9dab-1349bc643673"
"Setesdal_site6_plot_16",2002,"cfeb1a9a-17df-452f-aebc-e59289a312b4"
"Setesdal_site6_plot_17",2002,"3d4acab1-df51-4736-b421-044b8e5be8b2"
"Setesdal_site6_plot_19",2002,"276e9ef1-bcf6-4607-ae8c-2fe5b79036b6"
"Setesdal_site7_plot_1",2002,"e4003d87-d96f-4d22-9171-386c89eea2d3"
"Setesdal_site7_plot_3",2002,"4a05be87-b570-4444-8fc0-2509eb8f0919"
"Setesdal_site7_plot_4",2002,"53c8daa7-fe68-4ec4-bc5b-b28938a45b3b"
"Setesdal_site7_plot_5",2002,"5a981842-b971-4e2f-a9f4-1f2af0b35295"
"Setesdal_site7_plot_8",2002,"b16921c5-eeed-40d9-8ec9-c149932d6b04"
"Setesdal_site7_plot_9",2002,"b4543937-6752-4e88-a735-8880779e4927"
"Setesdal_site7_plot_11",2002,"f31a5efe-f406-4047-9170-2b6910cdbc09"
"Setesdal_site7_plot_12",2002,"c09e3007-466f-4792-8516-676657e9cedd"
"Setesdal_site7_plot_13",2002,"06855811-b30e-4f8e-8456-e5d1e3a0e746"
"Setesdal_site7_plot_16",2002,"0d4229d5-4673-4b8a-9685-bf41ac8d7781"
"Setesdal_site7_plot_17",2002,"8f20ef2f-98a7-4500-9aa1-d69ed57d8236"
"Setesdal_site7_plot_19",2002,"98cad8cf-edf5-4551-9f58-7ed1fd9683ce"
"Setesdal_site8_plot_1",2002,"575ba15d-9416-49b1-9378-cff6a8126c00"
"Setesdal_site8_plot_12",2002,"ca55a6fe-f6ed-41de-b7cb-d8833e45fa35"
"Setesdal_site8_plot_16",2002,"a23306f5-0747-4ba6-ae09-c650bdbd7323"
"Setesdal_site8_plot_18",2002,"c90a9f5a-52ef-41e3-afe0-f3e19c7becd5"
"Setesdal_site8_plot_19",2002,"d140bb4a-7215-4f75-9c2d-0b5e83aeca35"
"Setesdal_site9_plot_6",2002,"8c224a63-2844-4406-a5da-4cb4c168dcfd"
"Setesdal_site9_plot_7",2002,"56254fbf-ceba-4361-8be9-613060a418bb"
"Setesdal_site9_plot_12",2002,"9ad4d00c-2a5b-4440-a0c5-d293885df49d"
"Setesdal_site9_plot_13",2002,"59406a73-3e0e-4d79-958b-71cce9bfb5c1"
"Setesdal_site9_plot_14",2002,"16fdc4d2-8f50-4ff6-b9c4-ac4d25a5c872"
"Setesdal_site9_plot_16",2002,"e73bbaa1-dc69-4766-8422-7f8828d3aa1e"
"Setesdal_site9_plot_17",2002,"6e6b3e8d-8cbf-40e6-a42f-2a63b1a42700"
"Setesdal_site9_plot_20",2002,"22c53ce1-4f43-44b0-bdd8-ea3c5f30709a"
"Setesdal_site10_plot_4",2002,"79247cf3-ed08-496e-8496-4f7c003b16aa"
"Setesdal_site10_plot_9",2002,"bd29b52d-878b-4b57-82de-0c036a20f8f1"
"Setesdal_site10_plot_16",2002,"68bf186b-ccad-4641-b3c0-11e58faa8585"
"Setesdal_site10_plot_18",2002,"77f9e899-0264-4091-accf-a8f72ca7d62f"
"Setesdal_site2_plot_6",2004,"6689326a-6f4f-435f-87e2-d74bb637c46c"
"Setesdal_site3_plot_11",2004,"a2a2edda-4c06-4a1a-bc52-b387d2483131"
"Setesdal_site5_plot_2",2004,"1c091fda-3949-4695-9fe6-b8d16dcb5e2a"
"Setesdal_site5_plot_3",2004,"c5090fd1-b31f-4c74-af78-4f1d67305775"
"Setesdal_site5_plot_5",2004,"9f97864e-02b9-4864-89b5-a1c8d9021071"
"Setesdal_site5_plot_7",2004,"b5af5e81-b549-481a-89c4-10e2958393a2"
"Setesdal_site5_plot_8",2004,"0ee73a9c-e4b1-4750-b816-48e544b38d54"
"Setesdal_site5_plot_9",2004,"a14b1c30-23ce-44f8-a139-c78e212b9c17"
"Setesdal_site5_plot_11",2004,"67af39a5-e990-4df3-b379-f4c58d253adb"
"Setesdal_site5_plot_12",2004,"835d84c8-02ce-4fef-ab7e-c688a2025de9"
"Setesdal_site5_plot_14",2004,"aa22b3ec-7680-467f-b9ca-edf8ce2c6b3b"
"Setesdal_site5_plot_15",2004,"c8a6db49-49e0-42f0-803d-cc57cbc5e4ab"
"Setesdal_site6_plot_3",2004,"e4b620d7-ff3c-4bc9-96ce-f81d5ff4a884"
"Setesdal_site6_plot_12",2004,"7df855d4-8696-4db7-a8b4-0eead91a9261"
"Setesdal_site6_plot_13",2004,"0e80e93c-7f01-4a65-bdf7-d8fbbe86ea34"
"Setesdal_site6_plot_16",2004,"ced3b2fd-7cd4-4a64-a9e8-8d9b74e0df38"
"Setesdal_site6_plot_17",2004,"530efb2a-b11b-4c25-85e7-a0435b038b42"
"Setesdal_site6_plot_19",2004,"2fbb48a0-727c-4139-a39d-fc9cf897712e"
"Setesdal_site7_plot_1",2004,"e55ab325-4144-4bfb-b3c0-e6a51a4d71ef"
"Setesdal_site7_plot_3",2004,"bfd7ae80-36f1-4253-bc97-7067b0465ec8"
"Setesdal_site7_plot_4",2004,"0a3f548d-bfe7-4a6d-b50d-7c707c8eda8c"
"Setesdal_site7_plot_5",2004,"17ca3626-1c37-4899-9e7e-27eeb5a771ec"
"Setesdal_site7_plot_8",2004,"1813411f-ad53-4101-9532-70b4e0d8db0a"
"Setesdal_site7_plot_9",2004,"5251be7a-6d7b-45b7-a722-f86e79fb2555"
"Setesdal_site7_plot_11",2004,"7d45832d-3dbe-4e5f-8580-5944c382b0bb"
"Setesdal_site7_plot_12",2004,"bd330ba1-c76a-4860-9e14-cbd93e66bd70"
"Setesdal_site7_plot_13",2004,"a2577d66-69e5-47a4-971d-cf45a8bdde00"
"Setesdal_site7_plot_16",2004,"48d4f59d-23b3-49d6-ac46-a4235c9fa657"
"Setesdal_site7_plot_17",2004,"14e0394a-dfec-42c0-a5ab-0fc7ceb4da03"
"Setesdal_site7_plot_19",2004,"b361a6d3-57fe-496c-b21a-f275dfa1d70a"
"Setesdal_site7_plot_20",2004,"b143c684-09d8-4401-8baa-90675ca8c2ca"
"Setesdal_site8_plot_1",2004,"2cb267c3-6e20-47ce-a71d-2116d3395a76"
"Setesdal_site8_plot_16",2004,"f4a8290f-20a1-4773-a37d-bbf18725b788"
"Setesdal_site8_plot_19",2004,"37f002b5-38f6-472a-b1af-8f40cadb88d8"
"Setesdal_site9_plot_6",2004,"db1ea712-7b6d-4693-95d9-5881338acc89"
"Setesdal_site9_plot_7",2004,"d85b0f14-1d1b-4c8f-9059-93bbdd1d0f45"
"Setesdal_site9_plot_12",2004,"a0f362a1-e40a-4bd8-b570-6966fff1a013"
"Setesdal_site9_plot_13",2004,"be592551-1f48-4427-b576-97e579c33b3d"
"Setesdal_site9_plot_14",2004,"3f319bd1-0f95-4ea9-9a92-00bcdba1082d"
"Setesdal_site9_plot_16",2004,"1f9238db-e924-498b-8bf5-cf92087c4d67"
"Setesdal_site9_plot_17",2004,"73051aa8-a0ad-426b-9fb9-97cce3461019"
"Setesdal_site9_plot_20",2004,"b49c161f-0b82-4aac-ac4c-2876f468438a"
"Setesdal_site10_plot_4",2004,"8e41be95-13af-40e3-b39e-16b53b0d76cc"
"Setesdal_site10_plot_9",2004,"3b319c1e-95af-4eaf-bb12-76a1eaa848ae"
"Setesdal_site10_plot_16",2004,"d9c551f0-4fec-4666-8d7b-c06e99bd73fd"
"Setesdal_site10_plot_18",2004,"c712addb-5895-4446-9572-26d4911840da"
"Setesdal_site2_plot_6",2006,"c978734a-d92a-498f-8729-7ba4c8c7dd3f"
"Setesdal_site3_plot_11",2006,"a0272226-d75f-474e-99e9-c75651227fd2"
"Setesdal_site5_plot_2",2006,"da92ef6c-bed0-4504-b16c-c44f75aef6fb"
"Setesdal_site5_plot_3",2006,"16c30d8d-9ac6-4440-b825-86756abb86ca"
"Setesdal_site5_plot_5",2006,"2bb5a4db-8ca5-4cab-8eeb-ec024be05bf4"
"Setesdal_site5_plot_7",2006,"c49abb70-a2bb-46f9-bdfd-5edfdee6eb1b"
"Setesdal_site5_plot_8",2006,"ae0cf5af-878c-497c-8b66-fe92a2aa5bab"
"Setesdal_site5_plot_9",2006,"e8bf0a0a-afe5-45ee-add4-41b76ba14335"
"Setesdal_site5_plot_11",2006,"30e5c6f5-be99-4fd9-b3b8-75183460715e"
"Setesdal_site5_plot_12",2006,"d2b3c114-82d3-434d-bcaa-8958e5e3614d"
"Setesdal_site5_plot_15",2006,"3be8e171-4f16-43c2-a3a0-a285345e065d"
"Setesdal_site6_plot_3",2006,"38ff6fae-9f73-45a2-9a1b-f434a6e23581"
"Setesdal_site6_plot_12",2006,"edc51bf4-6115-4ba5-b2c7-3a7b3b0c196f"
"Setesdal_site6_plot_13",2006,"4136e1a2-9678-4e65-a468-d4877e322b29"
"Setesdal_site6_plot_16",2006,"c2e3c71f-2cc3-41c6-a1fd-638e727e7b0e"
"Setesdal_site6_plot_17",2006,"4aa79542-71a2-49db-afde-ee6229e57573"
"Setesdal_site6_plot_19",2006,"411b8ddd-f717-47b9-ac4a-b17562dafb41"
"Setesdal_site7_plot_1",2006,"5fabdfdc-e9ed-45f5-b05b-ff5053997323"
"Setesdal_site7_plot_2",2006,"c1e22c87-60f9-45bc-82da-6bff8b0cf3a1"
"Setesdal_site7_plot_3",2006,"f0c2b25a-b2cb-46ec-8649-befe21949e98"
"Setesdal_site7_plot_4",2006,"085b2ee2-d4ae-401e-bdad-0f30d24b56fd"
"Setesdal_site7_plot_5",2006,"8814bf7e-65d4-4535-afa8-aed2e4bb078e"
"Setesdal_site7_plot_8",2006,"1b3d1cf5-d743-4d44-8ef7-dcdc1776dbac"
"Setesdal_site7_plot_9",2006,"4a7a6b7b-115a-4e7b-9f7f-f717aeb6160a"
"Setesdal_site7_plot_11",2006,"b5b880cb-911c-4896-a350-d4ff503d78c6"
"Setesdal_site7_plot_12",2006,"df1a6d75-153c-4c56-a6a3-674dc1690ecf"
"Setesdal_site7_plot_13",2006,"403a1d34-c91b-4949-9e61-9b522da08446"
"Setesdal_site7_plot_16",2006,"433690aa-1db8-4379-a8f2-4333c527dc5a"
"Setesdal_site7_plot_17",2006,"f5d2b1c0-39fa-4448-9ada-64e9e725ae37"
"Setesdal_site7_plot_19",2006,"6248dc07-655c-42c3-9755-5c0d336757a6"
"Setesdal_site7_plot_20",2006,"ec042189-b4dc-4b77-aea3-21d508e1ab3d"
"Setesdal_site8_plot_16",2006,"60ea5c82-2afe-4ca8-8e38-4c43ad86ceb9"
"Setesdal_site8_plot_19",2006,"6dc4a226-5f6f-4c87-8907-a55bb4b9282b"
"Setesdal_site9_plot_6",2006,"d8fa405e-bfa3-4763-980e-cbede806a09a"
"Setesdal_site9_plot_7",2006,"0a99ec9e-de64-43f3-bbc7-b22f0030fc8d"
"Setesdal_site9_plot_10",2006,"5eaa2f5f-07c8-4c6b-9967-42ae021b0d5f"
"Setesdal_site9_plot_11",2006,"b8153d00-c035-4731-85e2-d604ebc3e179"
"Setesdal_site9_plot_12",2006,"ee704d8f-78ae-4414-b8d0-787f89cb69c7"
"Setesdal_site9_plot_13",2006,"446d6fab-75f4-49c6-acc3-8e34c0e48172"
"Setesdal_site9_plot_14",2006,"65f34d04-f2d5-4f7f-9763-ddeda014f3d1"
"Setesdal_site9_plot_15",2006,"5b3769b7-6880-41b5-81d5-45bdf0a4c7e3"
"Setesdal_site9_plot_16",2006,"1a5b632a-bf86-4481-85f8-5cd2727c362d"
"Setesdal_site9_plot_17",2006,"fd22469c-186f-415d-b9d8-8571d8803308"
"Setesdal_site9_plot_20",2006,"59d74471-0937-4fff-b27a-5248f659aea8"
"Setesdal_site10_plot_4",2006,"1c26fd81-9fed-4c24-a40c-eb74fc59fa21"
"Setesdal_site10_plot_9",2006,"e43d95c4-ea77-43c0-84a2-e2c3581889a9"
"Setesdal_site10_plot_16",2006,"eabf8c8d-ec37-4ff4-b952-28e81ce8becc"
"Setesdal_site10_plot_18",2006,"db215e71-540d-45f0-a680-bf7d967afe42"
"Setesdal_site2_plot_6",2008,"d1c2cf12-96cd-4def-9c95-857dcfcbbd0b"
"Setesdal_site2_plot_19",2008,"57bf40b7-0368-409f-8e1e-dec15862e88b"
"Setesdal_site3_plot_4",2008,"d1671920-4cfc-4df2-993c-05e61957a8d4"
"Setesdal_site3_plot_5",2008,"da70fc1b-66f5-414f-a5c3-782cee849587"
"Setesdal_site3_plot_6",2008,"41b39b20-31ec-47e1-be09-914c6871c405"
"Setesdal_site3_plot_11",2008,"cf611f03-8f74-463f-9663-bc930d3fa044"
"Setesdal_site5_plot_2",2008,"485f3d64-82dd-43ff-82a0-6ffe03510b5c"
"Setesdal_site5_plot_3",2008,"f2167daa-709e-431f-92c4-ebecdc44beb0"
"Setesdal_site5_plot_5",2008,"4e7e5a01-6de1-4fdc-83b3-a1606abfa0b1"
"Setesdal_site5_plot_7",2008,"ce9beb4c-40f9-47d1-b4ae-3af0b5f11384"
"Setesdal_site5_plot_8",2008,"0db621b7-2ceb-4082-868b-8c8b02c08bee"
"Setesdal_site5_plot_9",2008,"00981514-a2af-4569-a637-29b07c1f508d"
"Setesdal_site5_plot_11",2008,"4505305f-ff71-433a-987e-c977128c6e81"
"Setesdal_site5_plot_14",2008,"28d58b79-5a53-4255-8fe5-0f39d3177f73"
"Setesdal_site5_plot_15",2008,"0609ad7b-6fbd-4d6d-aa6b-4db53dbaf66c"
"Setesdal_site6_plot_12",2008,"f8ca9118-455d-4f6a-a38e-7f76dae0bc70"
"Setesdal_site6_plot_13",2008,"96a06a90-1662-4772-be28-a3ff831c0888"
"Setesdal_site6_plot_16",2008,"812b4d35-4d79-42c0-9fc1-703506feaa2e"
"Setesdal_site6_plot_17",2008,"4e5081ab-65d4-4c88-8ea4-191be740157e"
"Setesdal_site6_plot_19",2008,"48ed6dc5-8f2e-427f-849f-44658b18e61d"
"Setesdal_site7_plot_1",2008,"15865016-51d5-4a36-b01d-704f0c0669ad"
"Setesdal_site7_plot_2",2008,"ae908540-04a8-49f2-9b0f-5acd615eb604"
"Setesdal_site7_plot_3",2008,"89e594b7-3ead-4ba0-a8f5-3b402477165d"
"Setesdal_site7_plot_4",2008,"75a8e8c9-4108-40b7-9a1b-9efdb90522ce"
"Setesdal_site7_plot_5",2008,"a0398812-c2c0-400d-a6e7-fc865acbf1d3"
"Setesdal_site7_plot_7",2008,"c0787e83-0ef7-4f6a-929d-f9ab9a996316"
"Setesdal_site7_plot_9",2008,"5875dd74-055d-411b-afa8-22e16d9a342e"
"Setesdal_site7_plot_11",2008,"f3d841d2-13aa-465e-83cb-43ff338b0167"
"Setesdal_site7_plot_12",2008,"871c5b1d-ea41-4753-a077-a130f0c53bda"
"Setesdal_site7_plot_13",2008,"19ad3223-2f28-43f2-8ee5-0867fbfd99b8"
"Setesdal_site7_plot_16",2008,"bc968b4f-b09f-4e86-bdf1-57566c005969"
"Setesdal_site7_plot_17",2008,"0953278e-ed06-4e6b-901a-ba46ec3fd58a"
"Setesdal_site7_plot_19",2008,"e19ef8ce-f488-409f-bec1-f23d08b028c0"
"Setesdal_site7_plot_20",2008,"dc5268da-e177-4a26-a889-075bda6ebcbd"
"Setesdal_site8_plot_16",2008,"b8ac3d4f-3b22-4282-83f1-7b7c5ee97ccb"
"Setesdal_site8_plot_19",2008,"73f1ad0c-a7a7-46c4-8289-e40b0de49037"
"Setesdal_site9_plot_6",2008,"099358b6-421d-438a-8bca-8370c6438402"
"Setesdal_site9_plot_7",2008,"3dbf2819-1062-41ee-9ba0-5a94fbdf4975"
"Setesdal_site9_plot_10",2008,"323f4459-a176-422d-a81c-ada92d6c569e"
"Setesdal_site9_plot_11",2008,"c715adbf-635a-4402-b9f6-94df51059f15"
"Setesdal_site9_plot_12",2008,"dc2ab3a5-b225-41df-808b-b5325cd1f6db"
"Setesdal_site9_plot_13",2008,"b9e783a3-8c03-4f39-8641-269ba54a90d1"
"Setesdal_site9_plot_14",2008,"76f1b5dd-088d-4731-b3cd-439a43294e1b"
"Setesdal_site9_plot_15",2008,"e05613d0-0362-482b-962f-814e8ac2035f"
"Setesdal_site9_plot_16",2008,"dbca2354-e84b-4fb8-95d0-1cc0fb003f07"
"Setesdal_site9_plot_17",2008,"49c17556-ce0d-4d30-8588-dc7c7ae7b29c"
"Setesdal_site9_plot_20",2008,"e15eedd1-226f-4151-abb0-346625575117"
"Setesdal_site10_plot_4",2008,"c2554713-81a2-41a0-97f1-9886965939c8"
"Setesdal_site10_plot_9",2008,"a7f9664e-c910-4cd7-8215-cd2f490a5ffa"
"Setesdal_site10_plot_16",2008,"97545e14-138f-44c0-b59c-4906b6b39b51"
"Setesdal_site10_plot_18",2008,"bdba78f5-d12e-434e-926a-44f662d6d9f6"
"Setesdal_site2_plot_17",2010,"6491ed5e-51f3-431f-9238-fc576961c875"
"Setesdal_site2_plot_19",2010,"cce27d20-423c-42a5-b74c-3a1ca3d9fc7f"
"Setesdal_site3_plot_4",2010,"8c17fe56-0a15-4941-882e-51f155699fbc"
"Setesdal_site3_plot_11",2010,"895c1077-a56d-4c8f-8088-9eec31eae6b9"
"Setesdal_site5_plot_1",2010,"224497af-8fb9-43a4-9fe2-e12d17bf3d6c"
"Setesdal_site5_plot_2",2010,"8bc64851-b229-4615-bfdc-5de55ccb909c"
"Setesdal_site5_plot_3",2010,"aca53c34-6198-4637-8869-5bc51266be6d"
"Setesdal_site5_plot_5",2010,"840765ca-f906-4ef2-acbf-6b6a287a1442"
"Setesdal_site5_plot_7",2010,"f4420f23-b899-4f3c-905a-44b7e62e0892"
"Setesdal_site5_plot_8",2010,"39230ca6-8d21-4946-a277-42b7213e2a04"
"Setesdal_site5_plot_9",2010,"64e0d1e8-f6cf-4634-b4a0-f6d2c8f8b084"
"Setesdal_site5_plot_11",2010,"b4e127a3-7d5e-4b4b-8bd0-194a213e52c0"
"Setesdal_site5_plot_12",2010,"9ea55b80-33e6-40ae-af32-d64340b9190f"
"Setesdal_site5_plot_14",2010,"319827b5-41cb-49d6-b2e4-f7a1cbd6bed2"
"Setesdal_site5_plot_15",2010,"28dc70a0-7c80-42a0-b062-2c500bc8f739"
"Setesdal_site6_plot_10",2010,"96cdad03-3bbe-4f29-82e9-a482016cf3a1"
"Setesdal_site6_plot_12",2010,"a2f43eed-2c78-4fb5-af11-56fa3b6734d1"
"Setesdal_site6_plot_13",2010,"d4349efd-8fff-413f-97e1-a9476eb7bf1a"
"Setesdal_site6_plot_16",2010,"9fc6376e-57c5-4525-92da-43f568780eac"
"Setesdal_site6_plot_17",2010,"67005521-d601-4ad4-b6af-2e041d4b5402"
"Setesdal_site6_plot_19",2010,"8f229198-653e-4066-a9d3-cee5521c5124"
"Setesdal_site7_plot_1",2010,"2f271fb6-2c1b-461d-a841-ee90004417a1"
"Setesdal_site7_plot_2",2010,"b5ad258d-7e7f-4961-bd69-d4e8f4d71d9c"
"Setesdal_site7_plot_3",2010,"40e3b6db-bfef-435c-b084-67a215e7accd"
"Setesdal_site7_plot_4",2010,"a8f75ee2-0b5b-4fa4-8a63-dd229095cf5a"
"Setesdal_site7_plot_5",2010,"d71e2441-1156-430c-8019-23877ce082f7"
"Setesdal_site7_plot_8",2010,"ecfc0857-7b17-4301-97a4-4404e908c334"
"Setesdal_site7_plot_9",2010,"59f12785-0c57-4272-848b-65047f15851f"
"Setesdal_site7_plot_10",2010,"62097894-fe60-4992-8ff5-0456222b8b4f"
"Setesdal_site7_plot_11",2010,"bdbe02c4-5168-46cd-aad9-7ea1ac76d265"
"Setesdal_site7_plot_12",2010,"3f81faa2-3ef0-4cf0-bb58-18d0ef7ec134"
"Setesdal_site7_plot_13",2010,"0c52726d-a1be-4215-83f2-eee9ed66c485"
"Setesdal_site7_plot_16",2010,"41ee9e44-a8ee-41f4-8d1a-bdb08e9f3a82"
"Setesdal_site7_plot_17",2010,"8715c387-b159-44d8-8917-a851cf6b0e4e"
"Setesdal_site7_plot_19",2010,"78aa0f73-b806-411c-9b16-6ec260f17d07"
"Setesdal_site7_plot_20",2010,"69fa043d-9584-4909-8666-e82cc5c63037"
"Setesdal_site8_plot_15",2010,"cf47bf4c-4a9e-40b4-9c6d-636ea00d795e"
"Setesdal_site8_plot_16",2010,"d036eaa0-4453-443a-ba60-1f996fbb40cb"
"Setesdal_site8_plot_19",2010,"a81e3e39-d6a8-41f6-a626-5ac1582d95b6"
"Setesdal_site9_plot_6",2010,"11c1a7b7-9ead-44e9-a8bc-5b18c2199897"
"Setesdal_site9_plot_7",2010,"54dbd306-ec0e-4a17-ba09-969fa841e17b"
"Setesdal_site9_plot_11",2010,"347a1ce2-07da-4ed2-b516-a8a72b073441"
"Setesdal_site9_plot_12",2010,"4a80cd19-6f85-4e7a-a52c-450c0143656d"
"Setesdal_site9_plot_13",2010,"1434b3a1-ffaa-4d80-a005-27e66cba3749"
"Setesdal_site9_plot_14",2010,"0768f7ea-9b1e-464e-ae89-fe416b14ca3b"
"Setesdal_site9_plot_15",2010,"f2787074-6f06-4cec-b200-e89bc8880b37"
"Setesdal_site9_plot_16",2010,"f28add9a-4423-423c-af55-00c8a403cb6a"
"Setesdal_site9_plot_17",2010,"c210c58a-b2dc-4f62-a561-cdb57122d2ed"
"Setesdal_site9_plot_20",2010,"e4726f68-ab54-4e0b-bfc2-5d471c3f5c36"
"Setesdal_site10_plot_4",2010,"39f4bded-ab20-4c98-9862-b6df067dda8d"
"Setesdal_site10_plot_9",2010,"9c2f6101-db09-4a16-8492-8a825f0c69d4"
"Setesdal_site10_plot_16",2010,"b6f74792-a3fe-4bb5-9115-d50ba6353f95"
"Setesdal_site10_plot_18",2010,"cb84e73e-03c7-4c3b-ae02-d6b6d2be7ab7"
"Setesdal_site2_plot_5",2012,"0b2af595-b39c-43ff-8f67-f3500e408916"
"Setesdal_site2_plot_17",2012,"c478960c-3470-41db-a5f9-3a56d270351e"
"Setesdal_site3_plot_4",2012,"7587f500-b792-47f1-b9e2-4331544da69d"
"Setesdal_site3_plot_5",2012,"9c0b0601-cbbe-4bff-9614-34de896cf573"
"Setesdal_site3_plot_11",2012,"a9c57637-108f-4968-9ad0-788303475b98"
"Setesdal_site5_plot_1",2012,"31147cfb-6c1b-4966-b3dc-13621082c0c0"
"Setesdal_site5_plot_2",2012,"60aaad07-7967-46f6-8e2e-62138df3bfd6"
"Setesdal_site5_plot_3",2012,"235997ef-ecce-455f-b37d-0781928b0d4e"
"Setesdal_site5_plot_5",2012,"8b56f836-8bb0-43d3-a15e-9ed306a9ff27"
"Setesdal_site5_plot_7",2012,"048e4baf-0acf-4c49-8c28-1bed5220db68"
"Setesdal_site5_plot_8",2012,"4f11f57b-8795-4b59-888d-f06febeeb057"
"Setesdal_site5_plot_9",2012,"9a248dcd-6428-457d-b411-151edcc2bdf1"
"Setesdal_site5_plot_11",2012,"f7f8ed4e-5ebd-4b55-9eaf-19c392524533"
"Setesdal_site5_plot_12",2012,"3c3491e1-68f5-444d-951e-1adce1f1192c"
"Setesdal_site5_plot_14",2012,"c4f45a9c-e1cc-43f6-ab76-e456827fa9e2"
"Setesdal_site5_plot_15",2012,"575f157b-24d2-4a45-901a-c4539391d2cb"
"Setesdal_site6_plot_10",2012,"d1244d74-050a-4b8c-b583-17eb5e48d969"
"Setesdal_site6_plot_12",2012,"23a3dc3c-1f97-4102-91da-848ab166eedb"
"Setesdal_site6_plot_13",2012,"1d53860b-8996-4a57-ae27-1a37f1599f52"
"Setesdal_site6_plot_16",2012,"967548d6-d463-4086-b793-b6791cac05d7"
"Setesdal_site6_plot_17",2012,"227b451c-0cde-47b3-a033-e6104a4bfb1a"
"Setesdal_site6_plot_19",2012,"6a1a2ccd-d54e-4387-9a9a-e88b13066728"
"Setesdal_site7_plot_1",2012,"71b7ecbf-7166-46aa-bdb8-7a9016a32ca0"
"Setesdal_site7_plot_2",2012,"7241c6d0-8927-42fa-abc8-c48a63ee48dd"
"Setesdal_site7_plot_3",2012,"876ffad1-b336-4d7b-a905-cdc38ee7004a"
"Setesdal_site7_plot_4",2012,"ec89e728-9208-4f89-b482-5633f86a1bcc"
"Setesdal_site7_plot_5",2012,"d191ca77-8766-4cc8-8a4b-952405b54cd1"
"Setesdal_site7_plot_8",2012,"ae53122c-6169-46b1-bc96-5e1fa0524b68"
"Setesdal_site7_plot_9",2012,"d82ab485-d0fd-4d37-bbdb-6a38fb74893c"
"Setesdal_site7_plot_10",2012,"0766c247-779a-441d-b7a4-597e2b356b01"
"Setesdal_site7_plot_11",2012,"700d3efa-6d28-42a6-ae2d-07ce992aaa0f"
"Setesdal_site7_plot_12",2012,"0134ff14-7817-46c4-a4cf-95a88848f057"
"Setesdal_site7_plot_13",2012,"844317d3-0dd5-4dfd-86fc-2fd8c9564a40"
"Setesdal_site7_plot_16",2012,"f29f7424-4787-4825-9312-761b923c79d4"
"Setesdal_site7_plot_17",2012,"577fb6dc-1c2a-4774-8e9f-abdf5d5a887b"
"Setesdal_site7_plot_19",2012,"a0c6dd0d-bd48-44b1-a506-a271667b48c4"
"Setesdal_site7_plot_20",2012,"f92facb2-4182-478e-b8d8-c323d6647370"
"Setesdal_site8_plot_11",2012,"58b0f29f-6bd2-47ad-842b-ad9f8d2a4ab3"
"Setesdal_site8_plot_16",2012,"02978202-0ec0-426d-bec3-71c6b1ad31a1"
"Setesdal_site8_plot_19",2012,"db5a90e4-e22d-4584-979e-9e78b32fd929"
"Setesdal_site9_plot_6",2012,"fc427f5e-9927-48d5-82cc-135adc51893f"
"Setesdal_site9_plot_7",2012,"d6ca6944-8613-4954-bcc3-357feb5dea0e"
"Setesdal_site9_plot_10",2012,"bf1ff984-8be2-49df-8e97-bb13deeb393c"
"Setesdal_site9_plot_11",2012,"095cc283-71d1-4bd2-8a6e-fb3dc51ea988"
"Setesdal_site9_plot_12",2012,"4b04b121-5748-4a69-8b67-e66f40c95c9a"
"Setesdal_site9_plot_13",2012,"c189df3f-cee5-4e5b-95df-5caacc0259a3"
"Setesdal_site9_plot_14",2012,"2e6373ab-1237-403d-9dd1-17d3b73a90c3"
"Setesdal_site9_plot_15",2012,"3f563e91-5f7c-4981-8f12-da963352ffab"
"Setesdal_site9_plot_16",2012,"d0356fbc-dd06-4dd4-9889-82a92250d602"
"Setesdal_site9_plot_17",2012,"0efe1a24-ed81-4a78-95b9-9f73661256f6"
"Setesdal_site9_plot_20",2012,"7078711b-d7ff-4218-936d-54eccc7ac055"
"Setesdal_site10_plot_4",2012,"9ceb1cc2-aa71-4477-bd5c-ced8e8cd1eea"
"Setesdal_site10_plot_9",2012,"a0d6abf4-542e-42a7-b9b6-a8b81045180a"
"Setesdal_site10_plot_16",2012,"015138b7-c05c-46c9-951d-7033861e6a44"
"Setesdal_site10_plot_18",2012,"cf0e2b84-4a3f-496c-a087-de4d2beb3aec"
"Setesdal_site1_plot_11",2008,"6e223126-4c1c-45ee-a12d-5843d7a66675"
"Setesdal_site1_plot_15",2000,"c953c26a-da6c-4024-b230-cf5b89cff485"
"Setesdal_site2_plot_17",2000,"db2f0051-1e51-469b-b801-549648434e4d"
"Setesdal_site8_plot_5",2000,"7a5261a2-2f0f-4886-96e3-40b9535f8d19"
"Setesdal_site8_plot_13",2000,"14c5eb09-2c64-49a1-870c-9bfecff1ba60"
"Setesdal_site1_plot_15",2002,"4dbcfb93-8b30-493a-849b-136b8a113fac"
"Setesdal_site2_plot_17",2002,"e5be894a-6013-4b10-9d22-b0a2703cddac"
"Setesdal_site8_plot_2",2002,"1194bd62-473d-4036-aba3-df59c8783409"
"Setesdal_site8_plot_4",2002,"5ec6668f-9277-44b8-b915-7178a42e3e65"
"Setesdal_site8_plot_5",2002,"4ae219a2-dfad-4112-af4d-411d4e683417"
"Setesdal_site8_plot_13",2002,"bae192c6-65a2-4835-845b-af806210e63d"
"Setesdal_site1_plot_15",2004,"51faef9b-8c60-4645-8863-334ff5c9eda7"
"Setesdal_site2_plot_17",2004,"1d188244-0745-421e-a582-da141a936bbb"
"Setesdal_site8_plot_2",2004,"428dda51-69d9-4542-b065-7017ce8b5aa5"
"Setesdal_site8_plot_4",2004,"2c6de05a-6d08-4fc1-93c9-30722cc3dbaf"
"Setesdal_site8_plot_5",2004,"d2fa8011-6e70-4bff-bd0b-7fd151c2a771"
"Setesdal_site8_plot_13",2004,"a3b99a6d-8f5d-4916-ac33-401e0aec0eaa"
"Setesdal_site1_plot_15",2006,"8ccaacd7-e907-4b22-8e7f-bf296cc3f89b"
"Setesdal_site2_plot_17",2006,"0bdeed9e-6af5-42be-a1c5-11c3637e1cd8"
"Setesdal_site8_plot_2",2006,"e7df1fd7-abb5-4e8a-9593-412810974ed4"
"Setesdal_site8_plot_4",2006,"63aeb1d6-ecfb-48a3-8926-21e67775f2bf"
"Setesdal_site8_plot_5",2006,"4f480c56-8821-4440-bdda-a798b8a24b52"
"Setesdal_site8_plot_13",2006,"f7b22ef6-33b5-4b21-85b5-b24265fc4120"
"Setesdal_site1_plot_15",2008,"2fa709ca-2f01-4032-bcda-5cb69b2e44ea"
"Setesdal_site2_plot_17",2008,"43ed2a51-6fef-41ff-ab22-7ebd7be5ea55"
"Setesdal_site8_plot_2",2008,"2eaa1a05-69a7-474c-b91d-0f2c096f9004"
"Setesdal_site8_plot_4",2008,"325ea8cb-5a45-4719-98b9-31a9ce3aae74"
"Setesdal_site8_plot_5",2008,"1d6048bd-69cc-424b-95eb-42acb04fd0e9"
"Setesdal_site8_plot_13",2008,"c9dcc362-e106-48f3-b674-00073e255701"
"Setesdal_site1_plot_15",2010,"26aa07dd-b660-4167-baff-cbddf2a9df3c"
"Setesdal_site8_plot_2",2010,"e16644b4-6884-4f19-b5b1-55109c3f3282"
"Setesdal_site8_plot_5",2010,"d5f07e1b-83e2-4560-bca3-ccf1a21ab485"
"Setesdal_site8_plot_13",2010,"9e19f4ce-61a5-4824-90d6-d89201891a49"
"Setesdal_site1_plot_15",2012,"f5901819-24b8-4626-8868-f1b6bd0cb02d"
"Setesdal_site8_plot_2",2012,"60b8db11-0714-4caf-8291-85009c3afce3"
"Setesdal_site8_plot_4",2012,"e7f16dd1-e279-459e-9093-9288a450f8b4"
"Setesdal_site8_plot_5",2012,"d6c030d2-a985-4215-90d1-ef0984b35ce8"
"Setesdal_site8_plot_13",2012,"fd2cb9fe-34cf-465d-b1c6-8b5e353230c3"
"Setesdal_site1_plot_6",2000,"77cc5da6-7cd2-47f2-8694-20cb597a3c73"
"Setesdal_site2_plot_18",2000,"fd7558d1-bf68-46f8-92c0-9f1d184842f9"
"Setesdal_site3_plot_18",2000,"64014c49-a08e-4ac9-94a5-88f2289a234d"
"Setesdal_site3_plot_19",2000,"72f9e768-e9e0-43e4-a5fd-e44ea3c9a729"
"Setesdal_site4_plot_4",2000,"1df87663-4410-48c0-a2f9-50dc8b327a73"
"Setesdal_site4_plot_17",2000,"777126c5-04d1-45e1-b403-23f6b63d709e"
"Setesdal_site4_plot_19",2000,"ef6c126e-8e4f-44fd-adcc-a6a3ba708970"
"Setesdal_site5_plot_2",2000,"f6c37491-c77b-4160-aaaa-a1707ea9ad8a"
"Setesdal_site6_plot_3",2000,"74ce44f5-729a-4dd2-a5ff-306bfd14c73a"
"Setesdal_site6_plot_4",2000,"c94ff2e8-9bcb-4288-a4fe-0b8e25f67c3a"
"Setesdal_site6_plot_11",2000,"83b8fe1c-08df-4052-9922-724bc158db5b"
"Setesdal_site6_plot_15",2000,"b5d61105-1749-44c6-85da-56e467b19aec"
"Setesdal_site6_plot_18",2000,"76272ca8-ce2a-41b7-95d2-070502aba1b4"
"Setesdal_site7_plot_2",2000,"905091b0-c8d3-4d94-8763-b2fcb1527c66"
"Setesdal_site7_plot_7",2000,"24fab721-cf75-4e23-a97a-d764c98bf8d1"
"Setesdal_site7_plot_18",2000,"1ff67e39-b8b7-4e63-8450-12f6646a9a8c"
"Setesdal_site7_plot_20",2000,"dddf4adc-04fd-49eb-96a2-1eab6eb6624b"
"Setesdal_site9_plot_1",2000,"d1a8d6e6-50c5-4f70-b983-edef13d4a0de"
"Setesdal_site9_plot_3",2000,"8024690a-25ec-468c-95f2-94c9e43dc967"
"Setesdal_site9_plot_8",2000,"171e4c95-1865-44e0-b0be-585c7ca78d7d"
"Setesdal_site9_plot_10",2000,"d3541f5c-dc17-4b9a-8a68-10211027f11f"
"Setesdal_site9_plot_16",2000,"530d7bf5-4ece-4f07-8bc9-1577d0ac90cb"
"Setesdal_site10_plot_18",2000,"f2e1ef03-79a4-4042-b280-414a634866b1"
"Setesdal_site1_plot_6",2002,"307a0e50-272b-4a64-afd4-1facd6985a35"
"Setesdal_site1_plot_18",2002,"13f4ad74-0ad0-44fb-a04c-738071fbea99"
"Setesdal_site2_plot_18",2002,"995f82a1-d36e-4ad6-9d1b-4a3ba011c5aa"
"Setesdal_site3_plot_12",2002,"e57756b5-999a-4f7f-8032-2b4e17a490f2"
"Setesdal_site4_plot_4",2002,"1385fd70-6624-4e27-878c-a971ef9da6cc"
"Setesdal_site4_plot_17",2002,"8b2677d7-efda-42ae-9408-2b4e19af1031"
"Setesdal_site4_plot_19",2002,"0e71ef1e-d289-4331-9f59-c8c18c9bc98b"
"Setesdal_site6_plot_4",2002,"92ac2519-0d83-42c6-9fa1-670a24fade33"
"Setesdal_site6_plot_11",2002,"f147ad25-568c-43ce-9a22-1a22ce241e50"
"Setesdal_site6_plot_15",2002,"8a890e78-a9d6-4618-83cf-f6a733cb8fdb"
"Setesdal_site6_plot_18",2002,"db913a56-346d-494e-92e6-d6af069f5c49"
"Setesdal_site7_plot_2",2002,"9bd672d8-c760-42ba-9004-fa35049fbe0d"
"Setesdal_site7_plot_7",2002,"06b99dde-34b1-43bf-b8f8-0d38fc12607f"
"Setesdal_site7_plot_20",2002,"a7ca371e-ff5f-4687-aeeb-3ef7767917a4"
"Setesdal_site9_plot_3",2002,"863464db-e6ba-4808-aa23-abdd843ae8e3"
"Setesdal_site9_plot_8",2002,"144c6124-efd1-4041-a29c-42380bab1ed4"
"Setesdal_site9_plot_9",2002,"a2815def-1848-4f61-bb63-a061420ab710"
"Setesdal_site9_plot_10",2002,"3a94c436-d82f-48c9-8b35-b87a2a56c733"
"Setesdal_site9_plot_11",2002,"03808703-82bf-4400-aa63-12663bd7727a"
"Setesdal_site9_plot_15",2002,"d374afef-8684-4010-b0b0-f7146fe7551f"
"Setesdal_site1_plot_6",2004,"e6372009-df50-49bb-8368-a7c9ea984645"
"Setesdal_site2_plot_18",2004,"f12266b9-2c13-4cc4-8185-f6b5278d67c2"
"Setesdal_site3_plot_12",2004,"38e60d13-01c6-4fe0-b28f-9ed523bb1035"
"Setesdal_site4_plot_4",2004,"284151b0-9f2e-4561-917b-09c25dbb388d"
"Setesdal_site4_plot_17",2004,"34ff0a87-2ff9-459b-8953-bc6068d980d6"
"Setesdal_site4_plot_19",2004,"fb0da59b-c239-4b27-9414-dabb778d1e2c"
"Setesdal_site6_plot_5",2004,"2a593529-4ae1-48e6-9460-34c06d1ac569"
"Setesdal_site6_plot_6",2004,"7f614125-d009-43f2-b2be-939eb5dba422"
"Setesdal_site6_plot_7",2004,"90a77f31-c57e-4885-a70a-1d5e2fb33419"
"Setesdal_site6_plot_11",2004,"0fa900df-e514-4552-bcf1-02cdaa967073"
"Setesdal_site6_plot_15",2004,"553b01ba-ebc4-4446-b83c-cf8138e83b57"
"Setesdal_site6_plot_18",2004,"c6694eb2-5ae7-47ae-88aa-27a9c494ca47"
"Setesdal_site7_plot_2",2004,"7db00ce0-ffbf-4cfa-a421-e1e5bef5f4d0"
"Setesdal_site7_plot_7",2004,"95f51524-017a-487f-9218-c94133d51b05"
"Setesdal_site9_plot_2",2004,"d1807b3b-7f71-4e2c-ac80-365cbf032f49"
"Setesdal_site9_plot_3",2004,"0e32fdfa-2692-4277-a47c-7a8625ced14e"
"Setesdal_site9_plot_8",2004,"b51a1a40-771f-445b-9086-81eb17c888bc"
"Setesdal_site9_plot_10",2004,"a709157c-bc5e-4a8f-a416-2ac2673df472"
"Setesdal_site9_plot_11",2004,"05e21bb1-8076-4d25-8860-614bd63599fc"
"Setesdal_site9_plot_15",2004,"35201ef8-9935-4cc6-941b-192696572565"
"Setesdal_site1_plot_6",2006,"b886f111-5741-4076-b168-78082966cd4e"
"Setesdal_site2_plot_18",2006,"da787694-29e6-4edd-8cd2-2cf2a9671cb1"
"Setesdal_site4_plot_4",2006,"9a04d840-c127-4f76-9984-5806e3589536"
"Setesdal_site6_plot_5",2006,"cd699b3d-bdf2-46bd-b661-7718d17562a6"
"Setesdal_site6_plot_6",2006,"ccef9db1-2edc-465a-b89a-423e2411e918"
"Setesdal_site6_plot_11",2006,"f73db2c1-036f-4557-a0e7-472d88b20cfb"
"Setesdal_site6_plot_15",2006,"c0481d47-a1f7-45cf-bf51-71f8bf04c3ae"
"Setesdal_site6_plot_18",2006,"eb5989e7-5749-4ed7-8d69-3575a3be0099"
"Setesdal_site7_plot_7",2006,"332fd8aa-627f-4860-9200-6c7962ee1eca"
"Setesdal_site9_plot_1",2006,"e52b893a-873c-4405-9509-dba92c41dd7d"
"Setesdal_site9_plot_2",2006,"6bdbe529-53c6-4d38-ba4e-80de7482ed1b"
"Setesdal_site9_plot_3",2006,"f348e4c7-235d-44fb-84b0-d948f7cecd5d"
"Setesdal_site9_plot_5",2006,"256127c9-2c5c-46ca-a69f-9a9577309108"
"Setesdal_site9_plot_8",2006,"e2bd1c83-8819-4b2f-b1aa-8f16e7e896d9"
"Setesdal_site9_plot_9",2006,"2eb77f25-d973-4698-a51b-64f761a4530a"
"Setesdal_site1_plot_6",2008,"3f3e1f29-71f6-4c66-a957-a3245bc62d33"
"Setesdal_site4_plot_4",2008,"d13a7d4b-729d-4b94-89cd-885936f81aa8"
"Setesdal_site5_plot_12",2008,"7985e922-d9a2-497b-a877-c11e66d98a54"
"Setesdal_site6_plot_5",2008,"661350e4-8fd7-4f72-b1e5-a6cd43b55cd1"
"Setesdal_site6_plot_6",2008,"a11422f7-757c-44d1-a317-e4a4b0bca103"
"Setesdal_site6_plot_11",2008,"b3a36d82-64f5-42ef-ae58-c2b7c653434f"
"Setesdal_site6_plot_15",2008,"2bcb0d9a-208d-410c-a352-0ded4820389d"
"Setesdal_site6_plot_18",2008,"9f582e74-0329-4517-8e44-de723e3d7a72"
"Setesdal_site7_plot_10",2008,"6ad399d0-8196-47cf-b698-7ebdc6cc58f5"
"Setesdal_site9_plot_2",2008,"dbda29e0-f6ff-4e6a-838e-40a2014ec1da"
"Setesdal_site9_plot_3",2008,"ea85b5a8-110c-4d7b-91f9-f14ddc1788e8"
"Setesdal_site9_plot_5",2008,"4649ecfe-7f6c-416e-b99f-68aff0a9d794"
"Setesdal_site9_plot_8",2008,"6937ad85-35ea-4715-8d81-9f0e2e1dd173"
"Setesdal_site9_plot_9",2008,"142cfea2-fbfe-4565-9dce-f535e3fd6cbd"
"Setesdal_site1_plot_6",2010,"cd877e16-6312-430c-8e01-87b5d012d854"
"Setesdal_site6_plot_5",2010,"21aa9b8c-a35d-4feb-b07c-115179d9151f"
"Setesdal_site6_plot_6",2010,"5cd6ad86-51aa-40ab-a5d3-0076ee4cefad"
"Setesdal_site6_plot_11",2010,"9e1a335a-182d-40cb-8836-e1b2a5151cb7"
"Setesdal_site6_plot_15",2010,"d5eededc-40b5-403e-bd6b-cbbdcb0fa215"
"Setesdal_site6_plot_18",2010,"7d4e4a3e-2a4c-43f8-ba44-97464c11b6a8"
"Setesdal_site7_plot_7",2010,"774fb0ea-1a93-4250-909f-50c091689c35"
"Setesdal_site9_plot_2",2010,"9383406f-1873-48db-8ea9-da9132066763"
"Setesdal_site9_plot_3",2010,"7bf7f15a-1ab8-4a45-8558-fa7a5bdf53df"
"Setesdal_site9_plot_8",2010,"f753be98-75f6-4a47-a240-f8ca3ab0cab5"
"Setesdal_site9_plot_10",2010,"e879798d-6c45-4975-b6d8-9b960049d413"
"Setesdal_site1_plot_6",2012,"2f55d1fe-7058-43e7-9bbf-4fa75a770cf4"
"Setesdal_site6_plot_3",2012,"890c88e3-2509-4ff1-b0ea-1997b9ccfb33"
"Setesdal_site6_plot_5",2012,"2657b246-3bd4-43a4-ac00-367d63489497"
"Setesdal_site6_plot_6",2012,"7e0dd629-0939-4118-8423-7a7c27626688"
"Setesdal_site6_plot_11",2012,"9c7fc179-62c9-45e5-96d4-3e9c9ad711e3"
"Setesdal_site6_plot_15",2012,"5344186c-5659-48eb-85c0-fa60d3b8032c"
"Setesdal_site6_plot_18",2012,"409568b4-2b50-4fdb-8e36-a03f34408571"
"Setesdal_site7_plot_7",2012,"7a48d800-f5f4-4afd-9004-468f514b3f11"
"Setesdal_site9_plot_2",2012,"d03fa5da-51f7-463b-a225-de538af762bb"
"Setesdal_site9_plot_3",2012,"36a7ab3f-a2c2-48c7-af5a-0b8267ec35c7"
"Setesdal_site9_plot_5",2012,"15310542-708a-412f-96a8-31e575eac344"
"Setesdal_site9_plot_8",2012,"443b347d-486b-4a49-a850-a8ed61a9d7c4"
"Setesdal_site9_plot_9",2012,"7e4bebef-4945-4692-9a0b-f0d120a0c43e"
"Setesdal_site3_plot_11",2000,"374bdfa6-cff6-4335-bbc8-147e17a7e58b"
"Setesdal_site3_plot_14",2000,"f52b82d6-f6be-40b3-a938-881b6ca2d3e1"
"Setesdal_site3_plot_16",2000,"5dc4e945-7282-46ce-bfa4-f96713043cf8"
"Setesdal_site4_plot_2",2000,"31bc1e5c-1ccd-4a8a-8261-0b4be80f5490"
"Setesdal_site5_plot_16",2000,"24d9dda5-3980-4947-a024-1a4710484d82"
"Setesdal_site5_plot_17",2000,"7fcd0fe8-c2a6-425b-b07d-e84d74fe41bf"
"Setesdal_site5_plot_18",2000,"69eb0c8a-6b35-43ca-89be-ed4c70b722b1"
"Setesdal_site5_plot_20",2000,"ca65b42e-7856-4a04-a1b9-a24ca1faa109"
"Setesdal_site6_plot_1",2000,"a27afe14-7ca0-46cf-ae05-d10158430fc2"
"Setesdal_site6_plot_5",2000,"b15d3c93-7bb6-4604-b19c-80d335fa58f5"
"Setesdal_site6_plot_6",2000,"56669bd5-7c7b-44f2-aa9f-5b2b7a860373"
"Setesdal_site6_plot_9",2000,"3471faa8-d3f7-46d4-9cfe-a63d10f91707"
"Setesdal_site6_plot_10",2000,"a2fbcdc8-eb6c-4d43-8dc4-81789659598d"
"Setesdal_site8_plot_12",2000,"b2a820b0-0160-4beb-9dc2-a4d43b9a922f"
"Setesdal_site8_plot_14",2000,"2a9e267b-bffc-4575-a4b5-a3d19b960144"
"Setesdal_site8_plot_15",2000,"8b300b8f-c0e0-4af3-aed0-220239658bfc"
"Setesdal_site8_plot_16",2000,"bc319f37-ee73-4df4-ba7b-bf24478a209a"
"Setesdal_site8_plot_17",2000,"5c8f054e-2da6-4bb6-a830-2197da505636"
"Setesdal_site8_plot_20",2000,"9ec5ac60-17b3-48bb-be63-f9926f08e5f9"
"Setesdal_site9_plot_2",2000,"40285060-4801-4cf6-96da-cb9469d0ad34"
"Setesdal_site9_plot_19",2000,"29bae346-ae84-42d9-8945-aa1ae900193c"
"Setesdal_site2_plot_6",2002,"784ab019-e6a8-4ae4-829c-6905289f3902"
"Setesdal_site4_plot_2",2002,"1b86affb-a531-4c7d-ab30-d56356f7baa6"
"Setesdal_site5_plot_16",2002,"abc2d22f-802f-4819-b79a-56ac3a4757c0"
"Setesdal_site5_plot_18",2002,"18eb0360-a931-4099-9ada-e3f1130f568d"
"Setesdal_site6_plot_1",2002,"f8bb4b16-42b9-421c-bf7c-a74b9fda6465"
"Setesdal_site6_plot_5",2002,"44fc8405-10a5-463e-9856-5e6488a57c50"
"Setesdal_site6_plot_6",2002,"0e1b025e-d0f7-4dbc-9546-48af7d945f1c"
"Setesdal_site6_plot_9",2002,"d6da677f-6f2e-4099-93a3-f5b6bffde51c"
"Setesdal_site6_plot_10",2002,"6203ab4a-8a32-49ea-8467-dea3a724463f"
"Setesdal_site7_plot_10",2002,"9e3a7b47-000e-4e08-9458-f0e9884a815a"
"Setesdal_site7_plot_18",2002,"e3fe605c-ff95-4df8-9543-277f6b8c0bb0"
"Setesdal_site8_plot_11",2002,"6c8b07d1-8112-455f-b2b7-c19aa1a79479"
"Setesdal_site8_plot_14",2002,"ef2ceb2e-bb9d-4d44-9170-c41e428f7043"
"Setesdal_site8_plot_15",2002,"318394e2-2abc-43ef-8a5f-af0be8d8777f"
"Setesdal_site8_plot_17",2002,"092d14b5-08be-4cf1-9960-0bd8eb9d74de"
"Setesdal_site8_plot_20",2002,"b025007b-fd1f-4cef-86da-587ce99432bf"
"Setesdal_site9_plot_2",2002,"4496e200-1d0f-4e06-9591-6dd64b209c2d"
"Setesdal_site9_plot_19",2002,"5ed90c1c-e107-4139-9149-8d12004d0b4a"
"Setesdal_site2_plot_4",2004,"c4cba087-03e5-4a76-883d-10d1e8c51a23"
"Setesdal_site3_plot_16",2004,"afc2ebeb-0a49-46f1-9616-3cb3438a9e8d"
"Setesdal_site5_plot_16",2004,"231778d1-229d-4ee4-ada9-9af7c70b2c1f"
"Setesdal_site5_plot_18",2004,"945390f2-af8f-435c-9d3d-0b4496b0bae4"
"Setesdal_site5_plot_20",2004,"4d9a2e9f-c437-4527-8bd8-8599e1636d8e"
"Setesdal_site6_plot_1",2004,"c4dbf557-54ee-4daa-b8ef-dbf736b39636"
"Setesdal_site6_plot_9",2004,"6c109528-9c4c-4d1e-a660-6eb91e569b9d"
"Setesdal_site6_plot_10",2004,"dbfa53d2-3a4c-45e0-b57c-73f50df7fad3"
"Setesdal_site7_plot_10",2004,"c85b4b0a-bd8a-45c0-8a6a-e1330e883fe9"
"Setesdal_site7_plot_18",2004,"29e0ba64-9aa3-4a9e-b38b-8cea32cf81d7"
"Setesdal_site8_plot_9",2004,"f0cf5733-1522-4e1c-b16c-846dca4cee28"
"Setesdal_site8_plot_11",2004,"f3b56f10-5b94-46a8-a75c-62ebba017bb7"
"Setesdal_site8_plot_12",2004,"6bbe2f9b-67f6-484d-a2d8-e085bb082702"
"Setesdal_site8_plot_14",2004,"4c7d2761-6445-42e0-ac30-a609bb7b60e0"
"Setesdal_site8_plot_15",2004,"373b6d5b-d96a-4d0a-9d2f-3432223f868a"
"Setesdal_site8_plot_17",2004,"d50d5aac-787f-49a5-ac83-9f79c40fec8c"
"Setesdal_site8_plot_20",2004,"22653463-ea13-4ad5-aaa7-c6b8b357d2eb"
"Setesdal_site2_plot_4",2006,"49de6e2e-19fe-474a-8711-047de10fd2bd"
"Setesdal_site3_plot_12",2006,"cd8576d4-25a0-4130-8798-b444cec05fb0"
"Setesdal_site3_plot_16",2006,"bfbc9325-229f-4e70-aa76-80d35a37e695"
"Setesdal_site3_plot_18",2006,"b520654e-b5fa-4eaa-9e79-da865ceb758a"
"Setesdal_site5_plot_16",2006,"b7840903-6142-4d70-b2ab-19ff0c1b1220"
"Setesdal_site5_plot_17",2006,"2407a0bc-ac70-49df-8696-f71727b1080d"
"Setesdal_site5_plot_18",2006,"f963b9c0-f6ba-45d6-a0a1-d938ac0188c8"
"Setesdal_site5_plot_20",2006,"26f77a29-9a15-43ef-98d6-b86a4e96db93"
"Setesdal_site6_plot_9",2006,"da97b7bc-f12d-42aa-96b5-a05a8b64ac65"
"Setesdal_site6_plot_10",2006,"eb15d809-39e4-4618-af30-c475d11e1ce0"
"Setesdal_site7_plot_10",2006,"fa1ee22a-3120-4a8b-9bee-460099f72678"
"Setesdal_site7_plot_18",2006,"98278eb3-1f1c-4f0f-af88-46929af1b121"
"Setesdal_site8_plot_9",2006,"bb7787ff-9a8b-4523-831c-a32cbf8c2d99"
"Setesdal_site8_plot_12",2006,"7365a3b8-4406-466c-a124-358bac4f254b"
"Setesdal_site8_plot_14",2006,"d62bdbed-c079-4dfb-ae32-ce89803a0d0d"
"Setesdal_site8_plot_15",2006,"80b6d3e7-2f58-4720-b4a8-f89cb4272238"
"Setesdal_site8_plot_17",2006,"fc013733-643a-496b-b424-498b98eda65d"
"Setesdal_site8_plot_20",2006,"4b232160-d4d4-46a4-a0d2-f6b732cbd1e9"
"Setesdal_site9_plot_19",2006,"65e4e57e-47ff-4793-b0c1-6effec900a39"
"Setesdal_site3_plot_12",2008,"01bed49c-e259-473b-9539-59d22bba1319"
"Setesdal_site3_plot_16",2008,"ef8d0fe5-92b2-4db5-bcb0-e5fc8329a234"
"Setesdal_site3_plot_18",2008,"97266cdf-bbcb-4a40-957c-47019ee33e13"
"Setesdal_site4_plot_2",2008,"6865c1c4-4db6-4aa4-8d3f-701c3fa87d41"
"Setesdal_site5_plot_16",2008,"bcbf02a7-3a48-493a-ac1a-0f0843b83e7a"
"Setesdal_site5_plot_17",2008,"5caf7d3b-5123-443e-8940-55c62475b210"
"Setesdal_site5_plot_18",2008,"e5ea1d25-b715-4444-bcfc-9e7881a4cc40"
"Setesdal_site5_plot_20",2008,"519e88c2-ce73-4272-9970-d3a4965e7d6a"
"Setesdal_site6_plot_9",2008,"43859fa2-11f0-4711-8587-ee791f83b976"
"Setesdal_site6_plot_10",2008,"a42f8f8e-78df-4552-9d8c-c4574746b4d6"
"Setesdal_site7_plot_18",2008,"9894d312-c6c6-4dd1-8a52-b829adb85bef"
"Setesdal_site8_plot_11",2008,"3ad5374c-7405-4aa2-b7e1-e6e905984f1b"
"Setesdal_site8_plot_12",2008,"9777a00f-9cab-48f8-82ab-a542a97f3b4f"
"Setesdal_site8_plot_14",2008,"4e48785c-064f-459c-8cd5-65e9beca7b68"
"Setesdal_site8_plot_15",2008,"36a5f1b4-6a64-48f0-bad1-ffe3685c97bb"
"Setesdal_site8_plot_17",2008,"135315d4-2e2f-4c84-984a-a4927e1d3958"
"Setesdal_site8_plot_20",2008,"c0bbd3d1-07a6-45fc-be5c-d1be6f39937e"
"Setesdal_site9_plot_19",2008,"56adc93d-2fc9-44cc-b205-1ceb53bc9628"
"Setesdal_site2_plot_2",2010,"b70e9584-8301-4923-ab7f-e66bd0888e88"
"Setesdal_site2_plot_6",2010,"b4293975-7c43-4bee-9a61-f38eba6b4050"
"Setesdal_site3_plot_12",2010,"85e334cf-1619-47c0-b643-4b4f37d8a3e1"
"Setesdal_site3_plot_14",2010,"821c257d-2e03-419e-a431-36a8a15003ae"
"Setesdal_site3_plot_18",2010,"302b3e22-538a-4140-8ebe-280d694f2206"
"Setesdal_site3_plot_19",2010,"055836a4-a13f-4d94-8ef3-7d1355b120c9"
"Setesdal_site5_plot_16",2010,"3a5a81a4-f709-4d70-9cc8-81133771dcb4"
"Setesdal_site5_plot_17",2010,"71916f05-ea0e-4905-9f66-637fc288df06"
"Setesdal_site5_plot_18",2010,"3b449c7d-74d7-4c5d-8c81-753f0cada319"
"Setesdal_site5_plot_20",2010,"885d73d8-cbf9-417e-939d-5656e56f109d"
"Setesdal_site6_plot_9",2010,"632bc8b3-4c9b-48c8-9ff0-867349adc136"
"Setesdal_site7_plot_18",2010,"c8b6edca-47a9-4f83-8942-2e35f203e262"
"Setesdal_site8_plot_9",2010,"2fb61beb-7ccb-44d6-94ae-ec78e1803541"
"Setesdal_site8_plot_12",2010,"977dddcf-4402-49f5-b30f-066ce38c40f2"
"Setesdal_site8_plot_14",2010,"71b8b3bd-fe2d-4372-b149-1e60fb558905"
"Setesdal_site8_plot_17",2010,"d4ad7254-ea62-4ecd-9f62-18dda80b400e"
"Setesdal_site8_plot_20",2010,"dcc7c3cf-45a4-4bf2-ac81-6ecb3a187ebe"
"Setesdal_site9_plot_19",2010,"48bc2b70-69e5-463b-999e-a253c9903386"
"Setesdal_site2_plot_6",2012,"86603248-0ed7-4f4d-8de4-48b39eaf9498"
"Setesdal_site3_plot_12",2012,"09a539c2-6b89-435f-b6b8-fac2ac363721"
"Setesdal_site3_plot_14",2012,"34e1a5e8-e160-4d5d-bec0-f1d871423398"
"Setesdal_site3_plot_18",2012,"3267217c-9ff2-4ad2-9ece-7f62b1a15ccf"
"Setesdal_site5_plot_16",2012,"8174c64b-3d02-4fe1-92ac-50b71e757c74"
"Setesdal_site5_plot_17",2012,"b034c376-8f18-4ba2-b91b-ec9f1806ad53"
"Setesdal_site5_plot_18",2012,"5df6b5ef-a063-41df-b8ed-3f46e5f366bf"
"Setesdal_site5_plot_20",2012,"d3dd59ff-2970-4d1f-9669-9f0997e23c80"
"Setesdal_site6_plot_1",2012,"deb479e7-c183-4fa9-901b-2c49f440f8cb"
"Setesdal_site6_plot_9",2012,"a045d2a9-438b-48d3-bd07-65a69e77122b"
"Setesdal_site7_plot_18",2012,"24c5559d-e5a9-4862-b313-c1344a517b30"
"Setesdal_site8_plot_9",2012,"577a6d9f-9ec9-45be-a6cb-1cafd9ce5c5d"
"Setesdal_site8_plot_12",2012,"0ee19b1e-a9b1-42b9-bf68-ac45f229e87a"
"Setesdal_site8_plot_14",2012,"dbcd73b2-5f69-4050-9d2a-357633f08c9b"
"Setesdal_site8_plot_15",2012,"ce696076-1013-4cc2-ad51-52af640bb2fb"
"Setesdal_site8_plot_17",2012,"a2ad70f4-9563-4805-a142-261726ad55ce"
"Setesdal_site8_plot_20",2012,"4189e679-d2ae-4868-91e4-8195c6b714cd"
"Setesdal_site9_plot_19",2012,"34d7921b-64be-442d-9b2c-5a0c3bb8c6b9"
"Setesdal_site2_plot_18",2010,"f133011a-ee40-4cc9-8948-297c7a47d71a"
"Setesdal_site2_plot_8",2002,"1c3cdd0c-9987-47d6-87b9-021b5e5b7414"
"Setesdal_site3_plot_16",2002,"67db56d1-1eb8-4cb5-9d08-3b39f1eb70cf"
"Setesdal_site4_plot_17",2006,"64399b4f-9807-4f2b-9588-8e4d7eae26cb"
"Setesdal_site4_plot_19",2006,"8e5521cd-bdf1-44a9-99ae-bda4a819f6fa"
"Setesdal_site2_plot_18",2008,"d2c2b931-e711-4b90-91ca-c8d940b8d190"
"Setesdal_site4_plot_17",2008,"f96bcccc-819f-4345-a6bb-d4d49f577c57"
"Setesdal_site4_plot_19",2008,"94b5e0f5-84df-43c7-863a-d177150325cb"
"Setesdal_site2_plot_9",2010,"878d36dc-4627-4903-982c-ce458c0d508a"
"Setesdal_site4_plot_17",2010,"237ca052-0dcd-43d6-ba87-e4ef0fe1e6d8"
"Setesdal_site2_plot_18",2012,"b7af44ac-841b-4f4a-a19c-2afff696f489"
"Setesdal_site4_plot_17",2012,"ac4bfe01-431d-4988-ba5c-6ddcdc7f8210"
"Setesdal_site2_plot_4",2010,"04245e34-124a-4afe-9136-a9198abd5d2d"
"Setesdal_site4_plot_4",2010,"4a9c40ce-1bb7-4d7e-bb3b-fcba66d787e7"
"Setesdal_site3_plot_18",2002,"64b3e508-0714-45e5-9368-931bf324ea37"
"Setesdal_site3_plot_18",2004,"5587cbc5-5f34-4202-b9e8-f87381f64034"
"Setesdal_site2_plot_9",2008,"282d66e5-556b-4285-b0cc-8a612bcd0780"
"Setesdal_site2_plot_4",2012,"9521a7a0-1862-44ca-9ebe-2c74ae30ec8d"
"Setesdal_site2_plot_9",2012,"84f30851-0f6b-4721-aef2-a818c6e1118e"
"Setesdal_site4_plot_4",2012,"34c07252-22a9-4723-8853-58219c3d622b"
"Setesdal_site6_plot_20",2000,"0d08c01c-6f89-446c-9d9f-d7f483a2f9ff"
"Setesdal_site8_plot_4",2000,"e3a2d6cc-f424-4f4b-8773-4f2a5e67696f"
"Setesdal_site6_plot_20",2002,"1c37ff38-6d33-44de-907e-fde2e9a60d73"
"Setesdal_site8_plot_3",2002,"1a79d0ec-8986-4e5e-a883-8d943219ab70"
"Setesdal_site8_plot_9",2002,"fd6adf78-4632-4009-9667-09afcb1b1b40"
"Setesdal_site6_plot_20",2004,"93ac7f97-ee06-4e19-ba30-094634f1e82e"
"Setesdal_site8_plot_3",2004,"8b69a8bc-5977-4e55-8b02-4fd38c048573"
"Setesdal_site9_plot_19",2004,"cc5a6e30-37fa-4f70-9b27-c61f94743e1b"
"Setesdal_site2_plot_10",2006,"7d375620-81da-435c-a076-ad2df30b2440"
"Setesdal_site6_plot_20",2006,"45f8f190-835b-4201-a597-db8ebe3fd9b2"
"Setesdal_site8_plot_3",2006,"db11bffd-6f5a-4cc1-be2c-f5cd990dd742"
"Setesdal_site2_plot_10",2008,"db4e2788-8f4e-4b73-8af4-2e2e5bd67c45"
"Setesdal_site6_plot_20",2008,"dd8e495a-afa2-49bc-bc57-3b4d983364b8"
"Setesdal_site8_plot_3",2008,"db987280-e2a8-48a1-b713-36e5203bbaea"
"Setesdal_site8_plot_9",2008,"baf95bad-c69a-4d9d-9359-7a793e87719a"
"Setesdal_site2_plot_10",2010,"372b140c-4092-4b5a-bfec-5596418d9df2"
"Setesdal_site6_plot_20",2010,"7ccd42a3-f3c1-41c8-8609-7b212b27388a"
"Setesdal_site8_plot_3",2010,"cd4ece7c-0d7b-4491-b818-c62c6f6648ab"
"Setesdal_site8_plot_4",2010,"eac6dbb2-1864-4aaa-9120-7fed78d0b0f7"
"Setesdal_site8_plot_6",2010,"92747220-02e0-40e4-91af-05b91e4c0c33"
"Setesdal_site2_plot_10",2012,"a5f5afc0-e13c-4d55-8507-1befaf053792"
"Setesdal_site6_plot_20",2012,"a72285bd-3638-4fa7-86eb-794c98434734"
"Setesdal_site8_plot_3",2012,"d5dc99f7-2dc0-45b2-bb0d-ad7f9f4ec043"
"Setesdal_site8_plot_6",2012,"07f9e0e1-93ba-446b-9438-0013d75890f4"
"Setesdal_site2_plot_4",2000,"a3cd7a3b-b838-4483-831e-bbb4847bdd78"
"Setesdal_site2_plot_10",2000,"6d762cb3-976b-44f8-a063-d7aa20fdf054"
"Setesdal_site4_plot_5",2000,"ccd8fc22-592d-496a-87fa-ae7f9c3cecaa"
"Setesdal_site4_plot_7",2000,"9d287ccd-8659-4422-8760-93d59c0d76e3"
"Setesdal_site4_plot_9",2000,"b0e706df-8481-4217-afa9-14aedcd45692"
"Setesdal_site6_plot_7",2000,"a4692030-d237-438a-8c15-5a54118cf694"
"Setesdal_site8_plot_1",2000,"5a41b951-10ca-483f-96d7-ddeeb47e30e2"
"Setesdal_site8_plot_7",2000,"470f57c4-be21-48c2-a334-0f3b6e617405"
"Setesdal_site8_plot_9",2000,"85bd5288-00d5-4810-8e03-bd6ee734fe39"
"Setesdal_site8_plot_10",2000,"d106a515-04c2-4f38-bd32-58aad48601a3"
"Setesdal_site8_plot_18",2000,"bbcee496-6f48-4f28-9253-c53eccfbb3e4"
"Setesdal_site9_plot_9",2000,"cbadf3f5-0cf5-472f-98fc-5a9883b33ff2"
"Setesdal_site2_plot_4",2002,"803cd1f0-497a-4f8e-be5c-e005ff257faf"
"Setesdal_site2_plot_10",2002,"7f53c1ef-a70c-411f-8c98-1b08dcaec453"
"Setesdal_site4_plot_3",2002,"4f739ae3-71b3-4810-bc61-94cb05eac0f8"
"Setesdal_site4_plot_5",2002,"95cc452e-b912-4259-99b9-235db103b138"
"Setesdal_site4_plot_7",2002,"ff62272e-387b-40ec-bffe-9e86a0f14600"
"Setesdal_site4_plot_9",2002,"2d6a1fc4-d4ce-4393-8c16-d78df0c11c86"
"Setesdal_site5_plot_17",2002,"7e52cf9f-b773-4a3e-b325-98f695a7121d"
"Setesdal_site6_plot_7",2002,"3e812abb-2094-45d5-ace6-28db690f8c06"
"Setesdal_site8_plot_6",2002,"b66b4389-6e08-42c7-8279-2066343cd8b7"
"Setesdal_site8_plot_7",2002,"873a4857-6ad4-41cd-9c59-4ed88f98a052"
"Setesdal_site8_plot_10",2002,"eb5f975f-44ab-4840-97ec-2459a082d1d5"
"Setesdal_site2_plot_10",2004,"6123d12e-af30-4316-a27b-d27118fbea4d"
"Setesdal_site4_plot_2",2004,"914a33e8-0fc7-4611-979e-e2ed3bcfdf34"
"Setesdal_site4_plot_5",2004,"9486968a-c499-43a6-b7e3-8926a6177dab"
"Setesdal_site4_plot_7",2004,"ac4c5163-ffab-4ae4-b8f4-84a1a8661feb"
"Setesdal_site5_plot_17",2004,"f47c9590-6e9c-48da-9891-819db8f5521c"
"Setesdal_site8_plot_6",2004,"9cf49fb1-78c0-4943-95c9-de0f563968d4"
"Setesdal_site8_plot_7",2004,"f3d44748-fb39-48ab-b2d0-554b3b0fd99b"
"Setesdal_site8_plot_10",2004,"95f89f80-976a-4257-8585-9d09b1dd065c"
"Setesdal_site8_plot_18",2004,"1ea5e611-20cb-45b8-94b2-456aabaa6ff1"
"Setesdal_site9_plot_9",2004,"0787360b-6973-41e1-86d2-86e63fd3a22c"
"Setesdal_site4_plot_2",2006,"269e3778-e327-494e-9f49-c4a7fa530e16"
"Setesdal_site4_plot_5",2006,"bdbb1672-7510-4759-8151-241fda536d00"
"Setesdal_site4_plot_7",2006,"993f29b4-023d-440f-b4e8-b25740fc0eb2"
"Setesdal_site6_plot_1",2006,"7143f830-82bf-4776-a3ce-b2dc7685f6ec"
"Setesdal_site6_plot_7",2006,"bf5becdd-82e0-46ee-9460-2cdd30318eb9"
"Setesdal_site8_plot_1",2006,"d9798201-58e1-47ff-995f-efef2a3be9a2"
"Setesdal_site8_plot_6",2006,"6e0f7996-1d29-408a-9ccc-73c5c7a6f1b2"
"Setesdal_site8_plot_7",2006,"83b15e1f-ad8b-41f7-b811-0b47fed21db3"
"Setesdal_site8_plot_10",2006,"b1db303f-2fcc-4451-96ac-ce070393ef4e"
"Setesdal_site8_plot_11",2006,"0f2240c1-c758-4da7-93a6-55654f08e845"
"Setesdal_site8_plot_18",2006,"7e8790e3-e90e-4a0e-9b83-44fe14e27567"
"Setesdal_site2_plot_4",2008,"36b6b9bc-a7a3-42f8-a172-6d65741566ae"
"Setesdal_site4_plot_5",2008,"3e49e801-b301-4697-ba5a-b421b62e0137"
"Setesdal_site4_plot_7",2008,"c572ed24-b148-431d-92f7-4f7115349f70"
"Setesdal_site4_plot_9",2008,"7a3cea3f-f255-4e48-8bda-977ee96f9bbf"
"Setesdal_site6_plot_1",2008,"e0630e0e-8b73-484c-884f-722833dfcdec"
"Setesdal_site6_plot_7",2008,"e4ccdd9d-013a-4812-a5ed-f84cbf451b4f"
"Setesdal_site8_plot_1",2008,"d1fe7df2-a9ff-47e0-bf97-c12fe9ba247d"
"Setesdal_site8_plot_6",2008,"3e4d8131-e4dc-4ee1-bc04-5002ba468644"
"Setesdal_site8_plot_7",2008,"4fc65184-bc71-42b4-bb95-4b918b0ec3ca"
"Setesdal_site8_plot_10",2008,"aa1155e8-7660-4dcb-ba71-8ae9b251e88a"
"Setesdal_site8_plot_18",2008,"f7e99396-3d87-425e-a0aa-9bc493c19061"
"Setesdal_site4_plot_2",2010,"5a563334-c9af-4be2-8815-b5a3c7bf6f1f"
"Setesdal_site4_plot_5",2010,"e523590d-2c15-4346-a9f5-333e380bdd70"
"Setesdal_site4_plot_7",2010,"7be3cb73-9541-49a7-8f0f-939bdafa0ca2"
"Setesdal_site4_plot_9",2010,"4fc1b7dc-2b2c-42e3-bc94-119535fc99bc"
"Setesdal_site6_plot_1",2010,"f4237442-21fc-48a8-ba46-c81a9f769066"
"Setesdal_site6_plot_7",2010,"f89dc003-60cc-4356-94dc-ab6ef18521a3"
"Setesdal_site8_plot_1",2010,"beb0ba71-ea84-4d5c-a477-6c97f2ac06eb"
"Setesdal_site8_plot_7",2010,"1f76467e-ed52-40b4-926a-2cf0897c0556"
"Setesdal_site8_plot_10",2010,"246c85aa-ed6e-4ece-883c-774b550cf6e0"
"Setesdal_site8_plot_11",2010,"18f2ee18-8c10-4ff7-8ec7-c79bf08f461c"
"Setesdal_site8_plot_18",2010,"b1e7e583-458e-4572-90b9-79534be14f65"
"Setesdal_site9_plot_9",2010,"03ac4c8b-8d38-416b-a1fc-20c6257b1add"
"Setesdal_site2_plot_2",2012,"2ef5ea29-4c3e-4f08-900c-f5147edbc03e"
"Setesdal_site4_plot_2",2012,"555312f0-8293-442c-8868-82db8d54574b"
"Setesdal_site4_plot_5",2012,"9aa51dc4-7d49-48c8-8886-c268100b9999"
"Setesdal_site4_plot_7",2012,"fc66d134-ed98-4780-9799-d67f14644ae9"
"Setesdal_site4_plot_9",2012,"6bdebf06-91e0-4193-904f-fd80362ebc07"
"Setesdal_site6_plot_7",2012,"7f3b8960-0eb7-4183-8dac-a998b8ffdd81"
"Setesdal_site8_plot_1",2012,"a366b5e6-59c2-4749-ae97-d0a336bf03f6"
"Setesdal_site8_plot_7",2012,"24e0f244-5b7c-4f05-aff6-de20a47bf396"
"Setesdal_site8_plot_10",2012,"df0d28f8-3761-4713-901e-60b51402a306"
"Setesdal_site8_plot_6",2000,"fa338d4c-7680-49cf-86cf-54b5cd5778ff"
"Setesdal_site9_plot_1",2002,"20ac3556-7384-4f73-9d24-f30a83adb288"
"Setesdal_site3_plot_14",2002,"5a9300e1-11fb-46f4-be5f-7b8ebad02efb"
"Setesdal_site5_plot_12",2002,"7a9edcb3-bb70-451d-89dc-7c08295e7eb2"
"Setesdal_site5_plot_20",2002,"d84bd773-e71b-4bec-8a76-dc31428cebc4"
"Setesdal_site3_plot_14",2004,"8a684a16-b832-4c6e-954b-f36926c7d7fb"
"Setesdal_site3_plot_14",2006,"409a4e9b-8064-4798-81f3-727ec2ab60f6"
"Setesdal_site3_plot_14",2008,"e37bba71-42f5-4aaa-86dd-71eae17ac14d"
